mapId,waypointId,waypointOrder
1,20314,1
1,28374,2
1,1271,3
2,15163,1
2,13035,2
2,20845,3
2,3732,4
2,9501,5
3,22872,1
3,4008,2
4,7811,1
4,28811,2
4,12592,3
4,7874,4
4,21426,5
5,29043,1
5,21144,2
5,25976,3
6,1319,1
6,25857,2
6,4921,3
7,23723,1
7,17093,2
7,14480,3
7,5650,4
8,22106,1
8,10979,2
8,9870,3
8,949,4
8,6705,5
9,10225,1
9,2940,2
9,1389,3
9,15843,4
10,22566,1
10,9775,2
10,2705,3
10,29281,4
10,27726,5
11,4155,1
12,6519,1
12,19154,2
12,17269,3
12,26389,4
13,26595,1
13,17501,2
13,5895,3
14,14480,1
14,18411,2
14,26403,3
15,16778,1
15,15764,2
15,2789,3
15,26274,4
16,5754,1
16,9954,2
16,8487,3
16,17305,4
17,27428,1
17,27608,2
17,5114,3
17,13404,4
18,1027,1
18,15673,2
18,29322,3
18,18000,4
18,3906,5
19,14227,1
19,12633,2
19,13192,3
20,5593,1
20,29199,2
21,20035,1
21,2567,2
22,5175,1
22,13300,2
22,19960,3
22,17243,4
23,13977,1
23,22113,2
24,26680,1
24,2851,2
24,7393,3
24,1960,4
24,6377,5
25,19678,1
25,28445,2
26,20137,1
26,8420,2
26,19592,3
27,28067,1
27,19966,2
28,22103,1
28,2191,2
28,4059,3
28,12554,4
29,25243,1
29,4023,2
30,25331,1
30,26276,2
30,25352,3
30,9270,4
30,7728,5
31,2793,1
31,23681,2
31,29715,3
31,25183,4
31,25935,5
32,4938,1
32,10516,2
32,9930,3
33,2321,1
33,2949,2
33,14907,3
34,18000,1
34,952,2
34,9839,3
35,12120,1
35,29575,2
35,28978,3
35,4448,4
35,6629,5
36,4017,1
36,9392,2
36,26405,3
36,6290,4
36,28345,5
37,8730,1
37,19778,2
37,27418,3
37,18570,4
38,9455,1
38,4822,2
38,20933,3
39,5067,1
39,27176,2
39,392,3
39,17444,4
39,4378,5
40,9252,1
40,11565,2
41,23975,1
41,23755,2
41,2415,3
41,3709,4
41,25206,5
42,3958,1
42,6760,2
42,26863,3
42,27413,4
43,2324,1
43,8111,2
43,16683,3
44,24714,1
44,15544,2
44,3194,3
44,28094,4
44,13474,5
45,19110,1
45,12796,2
45,8366,3
46,720,1
46,5237,2
46,24579,3
47,26512,1
47,5985,2
47,3464,3
48,22120,1
48,17265,2
48,25715,3
49,26430,1
49,22979,2
49,29173,3
49,23517,4
49,22872,5
50,28380,1
50,28955,2
51,6666,1
51,12929,2
51,1947,3
51,14462,4
52,29035,1
52,7483,2
52,17549,3
53,23298,1
53,27906,2
54,7633,1
54,3104,2
55,22861,1
55,14430,2
56,13232,1
56,18268,2
56,16174,3
56,830,4
56,15588,5
57,4866,1
57,29525,2
57,26203,3
57,24747,4
57,10203,5
58,1940,1
58,2146,2
58,3044,3
58,22444,4
59,23295,1
59,2498,2
59,1782,3
59,25396,4
60,1356,1
60,11144,2
60,23658,3
60,2878,4
61,7317,1
61,14143,2
62,16874,1
62,21885,2
62,4724,3
63,8913,1
63,5952,2
63,8251,3
63,7153,4
64,16626,1
64,28123,2
65,29598,1
65,29656,2
66,683,1
66,27755,2
66,12397,3
66,6658,4
67,28406,1
67,29034,2
68,18,1
68,26513,2
68,20249,3
69,6041,1
69,9073,2
69,18678,3
69,28510,4
70,23955,1
70,5800,2
70,1023,3
70,29869,4
71,24227,1
71,10548,2
71,19697,3
71,13163,4
72,4428,1
72,495,2
73,10031,1
73,16657,2
73,5438,3
73,18262,4
74,1231,1
74,23723,2
74,26382,3
74,10439,4
74,24568,5
75,9222,1
75,5239,2
76,12557,1
76,21022,2
76,8548,3
77,12550,1
77,24853,2
77,24643,3
77,27019,4
78,13518,1
78,27924,2
78,25806,3
79,22912,1
79,18262,2
79,8154,3
79,17882,4
80,22094,1
80,4630,2
81,27951,1
81,3385,2
81,1570,3
81,10463,4
81,10909,5
82,28105,1
82,10090,2
82,27763,3
82,16654,4
83,19615,1
83,23084,2
83,26386,3
84,28169,1
84,14157,2
85,2513,1
85,26203,2
85,16667,3
85,23290,4
86,1100,1
86,6543,2
86,11263,3
86,5704,4
87,1208,1
87,23162,2
87,21579,3
87,25472,4
88,23780,1
88,7450,2
88,13071,3
88,14034,4
88,16648,5
89,331,1
89,2747,2
90,5330,1
90,5699,2
90,3532,3
90,21884,4
91,27849,1
91,5482,2
91,26293,3
92,18101,1
92,15998,2
92,9270,3
92,28932,4
93,17487,1
93,11334,2
93,14204,3
94,13407,1
94,29751,2
95,5753,1
95,4211,2
95,2111,3
95,6187,4
95,4267,5
96,1269,1
96,25762,2
96,17,3
96,1770,4
97,9663,1
97,14920,2
97,27911,3
97,10640,4
98,25206,1
98,4155,2
99,3044,1
99,15727,2
99,13349,3
100,23215,1
100,1,2
100,991,3
100,20988,4
101,10117,1
101,415,2
102,3682,1
102,747,2
102,14456,3
103,21702,1
103,4879,2
103,19615,3
103,29832,4
104,18254,1
104,29089,2
104,23012,3
104,6023,4
104,28238,5
105,24343,1
105,8612,2
105,5155,3
105,11243,4
105,12121,5
106,8668,1
106,15,2
106,9759,3
106,27966,4
107,9967,1
107,6719,2
107,14227,3
107,474,4
107,10437,5
108,25491,1
108,7153,2
108,18691,3
108,23124,4
109,27306,1
109,22327,2
110,769,1
110,29479,2
111,21937,1
111,28817,2
111,26945,3
111,25179,4
112,1382,1
112,6386,2
112,7991,3
112,27939,4
113,25457,1
113,19665,2
113,29907,3
113,3467,4
114,28916,1
114,21929,2
114,31,3
115,25645,1
115,28667,2
115,29040,3
115,9507,4
116,29465,1
116,10879,2
116,5953,3
117,1,1
117,9780,2
118,8879,1
118,21916,2
119,10499,1
119,7037,2
119,4121,3
120,28065,1
120,23545,2
120,7469,3
121,24869,1
121,16764,2
121,10691,3
121,29156,4
122,23911,1
122,12410,2
123,21711,1
123,17483,2
123,17274,3
124,4571,1
124,28892,2
124,26876,3
125,9927,1
125,22421,2
126,16732,1
126,3019,2
127,28990,1
127,5345,2
127,21440,3
128,4155,1
128,4428,2
128,495,3
129,18436,1
129,1927,2
129,13397,3
130,2401,1
130,3578,2
130,28474,3
130,10273,4
130,6376,5
131,21108,1
131,21702,2
131,3949,3
131,8850,4
132,28380,1
132,3008,2
133,9055,1
133,11208,2
134,2583,1
134,7549,2
134,441,3
134,22299,4
135,1541,1
135,4445,2
135,8651,3
135,1308,4
135,15600,5
136,7776,1
136,1770,2
136,23488,3
136,3241,4
137,16669,1
137,16055,2
137,29875,3
137,1443,4
138,25332,1
138,9752,2
139,6165,1
139,28815,2
140,1815,1
140,10079,2
140,29360,3
141,29898,1
141,10976,2
142,146,1
142,8895,2
142,6336,3
142,512,4
143,8240,1
143,17444,2
143,9060,3
144,19417,1
144,12787,2
145,5067,1
145,89,2
146,28192,1
146,19133,2
147,25332,1
147,25183,2
148,29092,1
148,22904,2
149,23257,1
149,6700,2
149,24040,3
150,9639,1
150,15295,2
150,16091,3
151,12539,1
151,26008,2
151,9178,3
152,8949,1
152,6173,2
152,4330,3
153,29760,1
153,8548,2
153,22999,3
153,23813,4
154,29154,1
154,7048,2
155,18456,1
155,10563,2
155,9536,3
156,14760,1
156,12838,2
156,1972,3
157,4472,1
157,29278,2
157,4601,3
158,4306,1
158,29129,2
158,543,3
158,27236,4
158,18994,5
159,495,1
159,4155,2
159,4428,3
160,27206,1
160,27363,2
161,5953,1
161,28100,2
161,19398,3
161,13307,4
162,21964,1
162,7024,2
163,22096,1
163,6329,2
163,28915,3
163,6627,4
163,14140,5
164,29393,1
164,5436,2
164,25599,3
165,18255,1
165,12945,2
165,6746,3
166,25615,1
166,23978,2
166,27999,3
167,2585,1
167,3334,2
168,16662,1
168,16924,2
169,19963,1
169,10205,2
170,5725,1
170,28601,2
170,3293,3
170,6228,4
171,25231,1
171,27856,2
171,7491,3
172,9623,1
172,22536,2
172,1087,3
172,19080,4
172,993,5
173,1731,1
173,29711,2
173,9147,3
174,6542,1
174,1387,2
174,16570,3
174,7559,4
174,1041,5
175,22892,1
175,17752,2
175,1386,3
176,7993,1
176,22368,2
176,1068,3
176,4915,4
176,2863,5
177,27659,1
177,601,2
177,10722,3
177,24231,4
178,26187,1
178,28263,2
178,28811,3
178,14426,4
178,28371,5
179,4034,1
179,23646,2
179,1594,3
179,26095,4
180,19948,1
180,12541,2
180,3049,3
181,22969,1
181,4611,2
181,4091,3
181,27009,4
182,9839,1
182,17790,2
182,14757,3
183,10979,1
183,12504,2
183,6218,3
183,4010,4
184,9927,1
184,12800,2
184,23377,3
184,22092,4
185,11847,1
185,4029,2
185,20836,3
186,11477,1
186,9548,2
187,8653,1
187,19947,2
187,3282,3
188,24999,1
188,2360,2
188,1694,3
188,2613,4
189,11116,1
189,19418,2
189,5137,3
190,28314,1
190,10822,2
190,26308,3
190,23080,4
191,6159,1
191,23393,2
192,21938,1
192,15400,2
192,9475,3
192,23529,4
192,11340,5
193,1398,1
193,4155,2
193,16839,3
194,6618,1
194,10768,2
194,16813,3
194,24253,4
194,20318,5
195,24733,1
195,4321,2
195,4574,3
196,10455,1
196,3367,2
196,10761,3
196,6234,4
197,3021,1
197,15068,2
197,170,3
197,15134,4
197,15742,5
198,23220,1
198,679,2
199,10977,1
199,3335,2
199,16263,3
200,23119,1
200,25244,2
200,7036,3
200,996,4
201,2506,1
201,10621,2
201,23861,3
201,28938,4
201,12938,5
202,25577,1
202,25900,2
202,16665,3
202,2160,4
202,1,5
203,2910,1
203,2062,2
203,9256,3
203,26401,4
204,10710,1
204,9379,2
204,975,3
205,29585,1
205,25457,2
206,2866,1
206,11288,2
206,20046,3
206,13401,4
207,22571,1
207,10561,2
207,13178,3
208,1830,1
208,8748,2
208,28837,3
209,3044,1
209,14885,2
210,29043,1
210,29874,2
210,7526,3
210,27959,4
210,27994,5
211,6696,1
211,1834,2
211,3506,3
212,5812,1
212,29914,2
212,22850,3
212,499,4
212,6598,5
213,9898,1
213,23905,2
214,23646,1
214,18113,2
214,21302,3
214,25307,4
214,27816,5
215,25769,1
215,7715,2
216,1579,1
216,4525,2
216,15893,3
216,27567,4
216,29580,5
217,2799,1
217,13372,2
217,2553,3
217,28673,4
217,6701,5
218,27526,1
218,26642,2
218,10660,3
218,8046,4
219,10859,1
219,21986,2
219,8305,3
220,4800,1
220,12629,2
220,8246,3
220,9007,4
220,3471,5
221,26839,1
221,28794,2
221,28043,3
221,26215,4
221,25865,5
222,19001,1
222,27785,2
222,4627,3
222,23648,4
223,4487,1
223,24575,2
224,8256,1
224,19110,2
224,23723,3
224,12504,4
225,28760,1
225,16649,2
225,6937,3
225,29808,4
225,5564,5
226,11678,1
226,16652,2
226,26430,3
226,4818,4
227,10983,1
227,21301,2
228,13459,1
228,21816,2
228,11809,3
229,10965,1
229,26456,2
229,28890,3
229,5327,4
230,8814,1
230,29068,2
230,26494,3
230,10002,4
230,26278,5
231,25489,1
231,24461,2
231,21914,3
231,21501,4
232,10677,1
232,16638,2
232,25724,3
232,17540,4
233,9755,1
233,29525,2
233,1303,3
233,7030,4
234,3907,1
234,25093,2
234,14694,3
234,25522,4
234,27939,5
235,11252,1
235,20994,2
235,12206,3
236,27593,1
236,5863,2
236,14229,3
236,28145,4
237,26207,1
237,6233,2
237,26351,3
238,23995,1
238,9660,2
238,24465,3
238,3512,4
239,21418,1
239,22083,2
240,338,1
240,17270,2
240,498,3
240,2876,4
240,23723,5
241,21825,1
241,2295,2
241,19046,3
241,25983,4
242,2057,1
242,29874,2
242,17505,3
242,17522,4
243,7025,1
243,23698,2
244,26204,1
244,8651,2
244,9234,3
245,6717,1
245,6598,2
245,2554,3
245,27756,4
245,12938,5
246,21649,1
246,25245,2
247,6626,1
247,4167,2
248,10047,1
248,7818,2
249,14053,1
249,4573,2
249,18256,3
250,12902,1
250,3061,2
250,16672,3
250,20166,4
251,1066,1
251,15744,2
251,26664,3
251,6473,4
251,28903,5
252,29565,1
252,19000,2
252,8600,3
252,4397,4
252,9275,5
253,17948,1
253,29093,2
253,27897,3
254,18522,1
254,28935,2
255,4492,1
255,6520,2
255,5263,3
255,28799,4
256,9153,1
256,15821,2
257,601,1
257,10910,2
257,4074,3
257,2459,4
258,26506,1
258,7081,2
259,4724,1
259,21842,2
259,2728,3
260,2760,1
260,21756,2
261,5062,1
261,18264,2
262,27358,1
262,26343,2
263,25132,1
263,15400,2
263,1,3
264,28321,1
264,25048,2
264,4958,3
264,29580,4
264,27370,5
265,29978,1
265,7429,2
265,2082,3
265,4645,4
266,3931,1
266,20447,2
266,18331,3
267,8908,1
267,10662,2
267,23360,3
267,3108,4
268,23488,1
268,17192,2
268,25615,3
268,2611,4
268,6347,5
269,20141,1
269,15592,2
269,9460,3
269,3399,4
270,12351,1
270,14004,2
270,10515,3
270,1778,4
270,11562,5
271,25497,1
271,27018,2
271,9959,3
271,16623,4
271,28960,5
272,2261,1
272,22083,2
272,10268,3
272,2842,4
273,4047,1
273,19678,2
273,10451,3
273,22638,4
274,22096,1
274,5244,2
275,198,1
275,7430,2
275,7118,3
276,7456,1
276,6682,2
277,22103,1
277,28738,2
277,24603,3
277,5280,4
277,10386,5
278,18054,1
278,15797,2
278,490,3
278,4967,4
278,11288,5
279,10650,1
279,1802,2
279,6814,3
279,8004,4
279,20060,5
280,10117,1
280,3884,2
280,7728,3
280,3233,4
281,1865,1
281,25976,2
281,19421,3
281,19972,4
282,24501,1
282,17191,2
282,2650,3
282,4367,4
282,16057,5
283,25330,1
283,21926,2
284,3137,1
284,29644,2
285,19808,1
285,28873,2
286,15447,1
286,88,2
286,6626,3
286,27301,4
286,432,5
287,11028,1
287,4588,2
287,9192,3
287,4896,4
288,11310,1
288,20182,2
288,10247,3
288,4404,4
289,6677,1
289,8459,2
289,23861,3
289,18750,4
289,21043,5
290,22743,1
290,28152,2
290,26404,3
290,2082,4
291,1759,1
291,24551,2
291,1101,3
292,3366,1
292,4115,2
293,26639,1
293,7486,2
293,29315,3
293,9122,4
293,12799,5
294,27817,1
294,2659,2
294,21951,3
295,17420,1
295,1782,2
295,9238,3
295,20079,4
295,6393,5
296,4879,1
296,25973,2
296,1924,3
297,12849,1
297,26315,2
297,9977,3
297,4913,4
298,28913,1
298,3785,2
298,5684,3
298,29663,4
299,29820,1
299,19432,2
300,15362,1
300,5293,2
300,22073,3
300,27823,4
300,9958,5
301,27763,1
301,29598,2
301,5957,3
302,2920,1
302,18302,2
303,12687,1
303,10675,2
303,3950,3
303,1742,4
303,7253,5
304,5848,1
304,13533,2
305,10824,1
305,20535,2
306,23277,1
306,23991,2
306,26160,3
306,13075,4
307,23559,1
307,3895,2
307,2905,3
307,24260,4
308,3895,1
308,13472,2
309,2423,1
309,28462,2
309,27939,3
309,4653,4
310,9858,1
310,4500,2
310,13976,3
310,24449,4
310,23905,5
311,3000,1
311,9525,2
311,25393,3
311,21097,4
311,29371,5
312,23244,1
312,14963,2
312,25405,3
312,10875,4
312,8675,5
313,29068,1
313,15034,2
314,10743,1
314,8387,2
314,10546,3
314,29283,4
314,18885,5
315,2191,1
315,3859,2
315,28801,3
315,10136,4
316,4723,1
316,4926,2
316,9842,3
316,8651,4
316,5243,5
317,29930,1
317,26222,2
318,2007,1
318,25815,2
318,10163,3
318,21315,4
319,1316,1
319,17272,2
319,10519,3
320,3021,1
320,10549,2
320,2964,3
321,27304,1
321,18674,2
321,2509,3
321,6991,4
322,6865,1
322,11028,2
322,4553,3
322,29573,4
323,16261,1
323,19133,2
323,582,3
323,7497,4
323,22115,5
324,8217,1
324,24591,2
324,7649,3
324,11807,4
325,16617,1
325,16614,2
325,18985,3
326,8263,1
326,22081,2
326,5134,3
326,26907,4
326,20714,5
327,26964,1
327,17083,2
327,5622,3
327,10794,4
328,24733,1
328,24349,2
328,15876,3
328,4817,4
328,25004,5
329,8934,1
329,1539,2
330,22056,1
330,23517,2
330,21956,3
330,1303,4
331,16626,1
331,12543,2
332,3008,1
332,7430,2
332,7153,3
332,18021,4
332,10240,5
333,2854,1
333,25458,2
333,2204,3
334,16233,1
334,12796,2
334,18674,3
334,28175,4
335,24374,1
335,13163,2
335,18331,3
335,22861,4
335,28387,5
336,2434,1
336,23463,2
336,29762,3
337,9011,1
337,15601,2
337,6244,3
338,19208,1
338,28667,2
338,2920,3
338,4193,4
338,23976,5
339,6257,1
339,8362,2
340,18203,1
340,2646,2
340,6307,3
341,26763,1
341,2431,2
342,1361,1
342,12883,2
343,10237,1
343,10794,2
344,28297,1
344,20276,2
344,3264,3
345,20167,1
345,4309,2
345,22999,3
345,5252,4
345,25400,5
346,23992,1
346,4877,2
346,3215,3
346,1978,4
347,5925,1
347,22107,2
347,16925,3
347,25433,4
347,16083,5
348,19942,1
348,12680,2
349,17017,1
349,27810,2
349,28524,3
349,2625,4
350,18873,1
350,2479,2
350,12437,3
350,28187,4
350,7250,5
351,10890,1
351,10848,2
351,9733,3
351,26863,4
352,10480,1
352,1591,2
352,2699,3
352,15559,4
352,27415,5
353,22090,1
353,2914,2
353,4502,3
353,25615,4
353,7642,5
354,11338,1
354,15892,2
354,29872,3
354,24785,4
355,19962,1
355,19043,2
355,3828,3
355,19046,4
355,17502,5
356,4154,1
356,11132,2
356,23289,3
356,21339,4
357,8277,1
357,3785,2
357,10504,3
358,11936,1
358,8911,2
358,10446,3
358,29751,4
358,6404,5
359,7023,1
359,29233,2
360,5144,1
360,3518,2
361,19045,1
361,16433,2
361,8668,3
362,15893,1
362,24092,2
362,1463,3
362,11465,4
362,20401,5
363,7332,1
363,6671,2
364,5564,1
364,12541,2
364,9978,3
364,26231,4
364,24325,5
365,29827,1
365,21313,2
365,19147,3
366,24651,1
366,29713,2
366,9870,3
366,382,4
366,17205,5
367,4659,1
367,18994,2
367,20447,3
367,17271,4
368,2914,1
368,9518,2
368,17424,3
369,26342,1
369,16639,2
369,25464,3
370,21951,1
370,14575,2
370,27973,3
370,12544,4
370,14937,5
371,27467,1
371,20179,2
371,1722,3
372,15719,1
372,18550,2
372,24430,3
372,6318,4
372,4506,5
373,22369,1
373,4497,2
374,9058,1
374,2326,2
375,6480,1
375,12386,2
375,22850,3
375,23849,4
376,27307,1
376,21966,2
377,23517,1
377,9117,2
377,28612,3
378,28785,1
378,29214,2
378,14209,3
378,23110,4
379,3525,1
379,23337,2
379,2920,3
379,10824,4
379,3994,5
380,9697,1
380,6007,2
380,5422,3
380,6113,4
381,27441,1
381,21963,2
381,10053,3
381,23758,4
381,27609,5
382,25396,1
382,23013,2
382,29960,3
382,25405,4
383,510,1
383,17780,2
383,3994,3
383,9178,4
384,20854,1
384,10112,2
384,28457,3
384,4505,4
385,9491,1
385,22383,2
385,2558,3
386,1770,1
386,24492,2
386,1906,3
386,3369,4
386,25429,5
387,7483,1
387,27720,2
387,16712,3
387,24651,4
387,23783,5
388,23216,1
388,25500,2
388,16713,3
389,24804,1
389,5298,2
390,18648,1
390,20796,2
390,28212,3
391,4091,1
391,24603,2
391,548,3
391,26631,4
391,13084,5
392,12086,1
392,25454,2
393,24315,1
393,1602,2
393,9268,3
393,26605,4
393,20307,5
394,9049,1
394,24272,2
395,7470,1
395,24755,2
395,6039,3
395,26107,4
396,26574,1
396,29233,2
396,3112,3
397,27546,1
397,1980,2
397,9869,3
398,9232,1
398,21553,2
398,14104,3
398,21866,4
399,23922,1
399,10524,2
399,27045,3
399,959,4
400,4059,1
400,16647,2
400,29226,3
400,23771,4
400,20855,5
401,27860,1
401,27914,2
402,10121,1
402,9329,2
402,26165,3
402,11678,4
402,11052,5
403,13692,1
403,952,2
404,2705,1
404,16276,2
404,8560,3
404,25857,4
405,6984,1
405,27502,2
405,23436,3
405,4755,4
405,29303,5
406,6670,1
406,22118,2
407,7121,1
407,17997,2
407,24147,3
407,1167,4
407,20177,5
408,15034,1
408,19748,2
408,2082,3
408,12955,4
408,12286,5
409,28063,1
409,3961,2
409,2799,3
409,8100,4
410,16636,1
410,25000,2
410,25836,3
411,2221,1
411,21230,2
411,21819,3
411,15074,4
412,21314,1
412,16854,2
413,9983,1
413,13859,2
413,17139,3
413,27355,4
414,29335,1
414,4034,2
415,7469,1
415,2522,2
415,10368,3
415,15948,4
415,28319,5
416,2908,1
416,8008,2
416,17577,3
417,14279,1
417,4193,2
417,4317,3
417,4818,4
418,3518,1
418,3432,2
419,29493,1
419,28556,2
419,16698,3
420,29309,1
420,3773,2
420,23337,3
420,13625,4
420,21593,5
421,8922,1
421,25858,2
421,7237,3
421,5624,4
421,8785,5
422,19554,1
422,3233,2
422,23295,3
423,25806,1
423,6684,2
424,16263,1
424,6122,2
424,20317,3
424,5893,4
424,3541,5
425,29680,1
425,12592,2
425,7739,3
425,17499,4
426,2539,1
426,7256,2
426,8906,3
427,27013,1
427,29281,2
427,17185,3
427,14760,4
428,21959,1
428,3626,2
428,23477,3
429,4428,1
429,495,2
430,26968,1
430,5609,2
430,6902,3
430,27757,4
431,27962,1
431,6173,2
431,7344,3
432,21518,1
432,2440,2
432,19885,3
433,12510,1
433,10447,2
433,21993,3
433,19697,4
434,261,1
434,6441,2
434,16899,3
434,515,4
434,405,5
435,10661,1
435,7698,2
435,22829,3
436,4841,1
436,28801,2
436,3785,3
436,21981,4
437,26535,1
437,18400,2
438,23529,1
438,29366,2
438,16642,3
438,22759,4
439,29732,1
439,3470,2
439,21969,3
439,10890,4
440,15278,1
440,9858,2
440,7386,3
441,1852,1
441,16448,2
441,10268,3
441,29004,4
442,14648,1
442,5637,2
442,2715,3
442,27502,4
443,24264,1
443,13947,2
443,13474,3
443,10489,4
443,16874,5
444,26557,1
444,19432,2
444,4879,3
445,4779,1
445,15582,2
445,9958,3
445,10850,4
445,11954,5
446,4690,1
446,112,2
446,9632,3
447,2797,1
447,1685,2
447,1564,3
448,8515,1
448,24460,2
448,8251,3
449,16382,1
449,3477,2
449,20034,3
449,14229,4
449,10860,5
450,22370,1
450,5434,2
450,17780,3
450,19924,4
450,23360,5
451,633,1
451,196,2
451,6718,3
451,5864,4
451,8711,5
452,10334,1
452,6664,2
452,6808,3
452,12256,4
452,25207,5
453,1540,1
453,8803,2
454,593,1
454,4267,2
454,4673,3
454,3438,4
455,11288,1
455,24560,2
455,4463,3
456,20813,1
456,6423,2
456,3375,3
457,4106,1
457,4368,2
457,8322,3
457,19002,4
458,22517,1
458,25363,2
458,14064,3
458,25604,4
459,8161,1
459,28918,2
459,21353,3
459,24568,4
460,14964,1
460,2160,2
460,3271,3
461,5120,1
461,24343,2
461,27640,3
461,29751,4
461,3269,5
462,3247,1
462,8432,2
462,25816,3
462,9401,4
463,12910,1
463,22920,2
465,27501,1
465,19630,2
465,9214,3
465,8831,4
465,22078,5
466,18254,1
466,10336,2
466,22096,3
467,1391,1
467,20593,2
467,27415,3
468,21945,1
468,7078,2
468,11534,3
468,23277,4
468,29674,5
469,25597,1
469,18648,2
469,24385,3
469,3947,4
469,27059,5
470,19965,1
470,14434,2
470,29362,3
470,5275,4
471,24003,1
471,29037,2
471,1344,3
472,29340,1
472,24388,2
473,13570,1
473,16056,2
473,17270,3
473,9838,4
474,6627,1
474,8858,2
474,3377,3
474,4564,4
474,13061,5
475,2616,1
475,29185,2
476,8639,1
476,10895,2
476,7371,3
476,3831,4
476,8378,5
477,16080,1
477,4807,2
478,4925,1
478,10451,2
478,7028,3
478,27035,4
478,4727,5
479,20695,1
479,13685,2
479,19147,3
479,2326,4
479,21934,5
480,24584,1
480,10850,2
481,22115,1
481,25613,2
481,948,3
482,18995,1
482,19913,2
483,632,1
483,23802,2
483,27187,3
484,29868,1
484,2349,2
485,18953,1
485,19885,2
485,17190,3
485,26165,4
485,10887,5
486,8651,1
486,19051,2
486,3104,3
486,25761,4
487,1068,1
487,959,2
487,18931,3
487,8068,4
487,27854,5
488,10854,1
488,29599,2
489,5517,1
489,19415,2
489,7496,3
489,8906,4
490,24214,1
490,2737,2
490,22781,3
490,26384,4
490,7344,5
491,6110,1
491,5368,2
491,22083,3
491,29607,4
491,4578,5
492,12883,1
492,24011,2
492,6611,3
492,206,4
493,27179,1
493,16631,2
493,14034,3
493,26943,4
493,14337,5
494,7267,1
494,7593,2
494,3537,3
494,11838,4
494,6202,5
495,20435,1
495,19519,2
495,21622,3
495,28738,4
496,3244,1
496,28673,2
497,10446,1
497,24970,2
497,14575,3
497,25861,4
498,10937,1
498,9270,2
498,23478,3
498,25284,4
498,25198,5
499,27856,1
499,4379,2
499,3388,3
499,7614,4
500,27665,1
500,28145,2
500,9558,3
500,21498,4
500,6678,5
501,17457,1
501,8499,2
502,28152,1
502,9930,2
502,7823,3
503,6388,1
503,9851,2
503,8528,3
503,10169,4
504,26356,1
504,3863,2
505,1947,1
505,10514,2
505,28527,3
506,21967,1
506,7420,2
507,27904,1
507,4573,2
507,7874,3
507,12712,4
508,8814,1
508,26278,2
509,23374,1
509,1375,2
510,7568,1
510,5380,2
510,16958,3
511,22937,1
511,2696,2
511,29000,3
511,7037,4
511,5293,5
512,3399,1
512,3532,2
512,9709,3
513,26008,1
513,1310,2
513,22781,3
514,4074,1
514,23119,2
514,25571,3
514,29335,4
515,5147,1
515,24299,2
516,8253,1
516,9814,2
516,19748,3
516,15295,4
516,15030,5
517,4878,1
517,4133,2
517,2492,3
517,14204,4
517,4684,5
518,15396,1
518,67,2
518,3334,3
519,2084,1
519,685,2
519,10644,3
519,2923,4
519,15231,5
520,13033,1
520,7013,2
521,19800,1
521,3126,2
521,19449,3
522,27886,1
522,2621,2
522,27171,3
522,9137,4
522,10338,5
523,21702,1
523,4095,2
523,15211,3
523,20800,4
524,9226,1
524,5063,2
524,22140,3
524,28918,4
524,20314,5
525,1782,1
525,17921,2
525,703,3
525,4413,4
526,27664,1
526,13280,2
526,9997,3
526,24624,4
527,23969,1
527,28819,2
527,13100,3
527,28421,4
527,19365,5
528,29732,1
528,4911,2
528,9379,3
529,24574,1
529,3683,2
529,10041,3
529,6144,4
529,9558,5
530,482,1
530,23672,2
530,22314,3
530,14228,4
531,20218,1
531,28784,2
531,27708,3
532,17790,1
532,2511,2
532,13210,3
532,10688,4
533,1682,1
533,13222,2
533,16056,3
533,18977,4
534,27854,1
534,14526,2
534,331,3
535,29449,1
535,5916,2
535,10764,3
535,29035,4
536,27021,1
536,18373,2
536,8141,3
536,12867,4
537,7875,1
537,3464,2
537,15614,3
537,4602,4
537,4137,5
538,25934,1
538,29767,2
539,562,1
539,16083,2
539,11204,3
540,3489,1
540,14334,2
540,4703,3
540,8623,4
541,15174,1
541,7873,2
541,20309,3
541,10935,4
541,4269,5
542,12165,1
542,12784,2
542,13752,3
542,25973,4
542,25245,5
543,23542,1
543,28416,2
544,18089,1
544,22571,2
544,23083,3
544,16088,4
544,14578,5
545,9467,1
545,3870,2
545,25868,3
546,2152,1
546,3183,2
546,9661,3
546,15856,4
547,18436,1
547,19419,2
547,12256,3
548,23652,1
548,27674,2
549,23436,1
549,26643,2
549,2413,3
549,22087,4
549,1854,5
550,10794,1
550,8675,2
550,25307,3
550,4686,4
551,4293,1
551,27663,2
551,1333,3
551,7267,4
551,98,5
552,4099,1
552,8409,2
552,25709,3
552,10735,4
552,27659,5
553,6803,1
553,4405,2
554,18054,1
554,6734,2
554,10907,3
554,23360,4
554,16382,5
555,25046,1
555,15807,2
556,2221,1
556,25281,2
556,28387,3
556,29809,4
557,6425,1
557,7463,2
557,25522,3
558,26266,1
558,29352,2
558,19748,3
558,2492,4
559,3028,1
559,10200,2
559,8266,3
559,25229,4
559,14964,5
560,28916,1
560,17727,2
560,27516,3
561,14337,1
561,1567,2
562,9751,1
562,2497,2
562,3096,3
562,3338,4
563,8246,1
563,27196,2
563,29466,3
563,7633,4
563,23657,5
564,29936,1
564,24449,2
564,10783,3
565,25900,1
565,20769,2
566,26676,1
566,2997,2
566,22348,3
567,2849,1
567,12221,2
567,931,3
567,28323,4
568,608,1
568,5067,2
568,22120,3
569,25794,1
569,27911,2
569,27356,3
570,8507,1
570,4896,2
571,21742,1
571,4599,2
572,4270,1
572,8072,2
572,6264,3
573,5621,1
573,4741,2
573,675,3
573,9653,4
574,29849,1
574,28089,2
574,10372,3
574,432,4
574,25886,5
575,26441,1
575,29378,2
575,24388,3
575,26393,4
575,21302,5
576,29875,1
576,14204,2
576,8305,3
576,10642,4
576,26575,5
577,25781,1
577,5022,2
577,15892,3
578,25816,1
578,16659,2
579,1381,1
579,27884,2
579,23357,3
579,24869,4
579,18446,5
580,7387,1
580,24105,2
580,11419,3
580,927,4
581,26206,1
581,15998,2
581,5396,3
581,26207,4
581,26208,5
582,8810,1
582,26478,2
582,6125,3
582,8560,4
582,115,5
583,22745,1
583,2943,2
583,3884,3
584,26442,1
584,23522,2
584,10002,3
584,25351,4
584,5396,5
585,24389,1
585,13488,2
585,1574,3
586,24437,1
586,18249,2
586,28849,3
586,10846,4
586,25282,5
587,10013,1
587,3660,2
587,14250,3
587,24374,4
588,28290,1
588,6498,2
588,26358,3
588,15328,4
588,6774,5
589,17752,1
589,16433,2
590,14760,1
590,9763,2
591,21697,1
591,9759,2
591,23281,3
591,19416,4
592,4428,1
592,495,2
593,24349,1
593,5156,2
593,24571,3
593,6247,4
593,12507,5
594,5443,1
594,9261,2
594,591,3
595,21972,1
595,16643,2
595,24998,3
595,1047,4
595,22581,5
596,29278,1
596,20353,2
596,13733,3
596,28115,4
596,5145,5
597,18769,1
597,29072,2
598,5140,1
598,4731,2
598,22511,3
598,11724,4
598,22140,5
599,16369,1
599,14685,2
599,29936,3
599,128,4
600,918,1
600,23681,2
601,25146,1
601,3741,2
601,2679,3
601,21921,4
601,20166,5
602,3282,1
602,5831,2
602,9127,3
602,6068,4
603,2068,1
603,13449,2
603,5698,3
603,8844,4
603,68,5
604,8208,1
604,12801,2
604,24064,3
605,17591,1
605,23878,2
605,2808,3
605,3048,4
605,5912,5
606,4616,1
606,7475,2
606,29170,3
607,27826,1
607,634,2
607,1041,3
607,10372,4
608,2789,1
608,1060,2
608,1707,3
609,11958,1
609,16185,2
609,5477,3
610,28519,1
610,25305,2
610,29598,3
610,7993,4
610,24501,5
611,439,1
611,27176,2
611,28649,3
611,14011,4
612,2097,1
612,23013,2
612,18750,3
612,12412,4
612,21755,5
613,10442,1
613,14599,2
613,20176,3
613,1996,4
613,4373,5
614,15744,1
614,24399,2
615,15330,1
615,13295,2
615,29028,3
616,6735,1
616,969,2
616,15297,3
616,25,4
616,27730,5
617,3742,1
617,13137,2
617,1303,3
617,4971,4
617,29599,5
618,9058,1
618,25074,2
618,2653,3
619,6351,1
619,8918,2
620,27357,1
620,11922,2
621,25424,1
621,8427,2
622,28785,1
622,29466,2
623,4938,1
623,25865,2
623,23009,3
624,12539,1
624,19153,2
624,128,3
624,9830,4
625,27682,1
625,1231,2
625,25145,3
626,9926,1
626,21937,2
627,27206,1
627,4814,2
627,10548,3
627,9446,4
628,1341,1
628,6097,2
629,8381,1
629,11678,2
629,29670,3
630,23537,1
630,4789,2
631,9666,1
631,22140,2
631,27939,3
632,1882,1
632,5231,2
633,25799,1
633,7356,2
633,25247,3
634,975,1
634,4871,2
634,27986,3
634,4839,4
634,15030,5
635,18754,1
635,4285,2
636,3738,1
636,5631,2
636,13394,3
637,26274,1
637,17819,2
637,15555,3
637,16958,4
638,12783,1
638,13351,2
639,27753,1
639,24201,2
639,10595,3
639,27666,4
640,3573,1
640,9211,2
640,4893,3
640,27529,4
640,12633,5
641,10054,1
641,1852,2
641,8256,3
641,7010,4
642,22049,1
642,9814,2
642,8715,3
642,209,4
643,7239,1
643,21022,2
644,5237,1
644,9446,2
644,24536,3
645,24603,1
645,17549,2
645,7103,3
645,11638,4
646,9660,1
646,1112,2
646,23281,3
646,27363,4
647,19418,1
647,21724,2
647,5231,3
648,7,1
648,27317,2
648,2920,3
648,4525,4
648,4925,5
649,3489,1
649,26614,2
649,10414,3
649,22957,4
650,2910,1
650,10640,2
651,22145,1
651,26869,2
651,28913,3
651,29736,4
651,22760,5
652,9098,1
652,18113,2
653,23124,1
653,6716,2
653,16167,3
653,902,4
654,4262,1
654,27071,2
654,29226,3
655,4868,1
655,4553,2
655,29868,3
655,28212,4
655,26645,5
656,178,1
656,29602,2
657,25362,1
657,15556,2
657,2087,3
657,2242,4
658,4307,1
658,12167,2
659,11018,1
659,2792,2
660,28799,1
660,26616,2
660,29638,3
660,22069,4
661,3214,1
661,29732,2
662,5935,1
662,10515,2
662,8528,3
662,10507,4
662,6601,5
663,20039,1
663,28158,2
663,13061,3
664,10939,1
664,12484,2
664,8386,3
664,4686,4
665,1072,1
665,27595,2
665,19074,3
665,22592,4
665,4222,5
666,11922,1
666,3530,2
666,19961,3
667,18380,1
667,9600,2
668,3552,1
668,25604,2
669,28548,1
669,28067,2
669,28456,3
669,29735,4
669,10662,5
670,9342,1
670,19154,2
670,5212,3
670,7210,4
671,27469,1
671,9620,2
672,722,1
672,6122,2
673,4508,1
673,8913,2
673,29278,3
673,4044,4
674,502,1
674,4105,2
675,27546,1
675,3335,2
675,29793,3
675,23491,4
675,10438,5
676,16356,1
676,23672,2
676,28654,3
677,10639,1
677,24437,2
677,22124,3
677,1831,4
678,28363,1
678,24968,2
678,11670,3
678,17870,4
678,10583,5
679,27519,1
679,22109,2
679,5438,3
679,14844,4
680,10045,1
680,18463,2
680,18238,3
680,7883,4
681,6796,1
681,5368,2
682,27783,1
682,559,2
683,4574,1
683,1124,2
684,4428,1
684,495,2
684,4155,3
685,22126,1
685,6939,2
685,9926,3
685,9137,4
685,10528,5
686,17179,1
686,25927,2
686,20796,3
687,4428,1
687,2261,2
687,6856,3
687,25499,4
688,18840,1
688,2367,2
688,7335,3
688,5668,4
689,5820,1
689,16174,2
689,8381,3
690,25390,1
690,24571,2
690,22119,3
690,4471,4
691,783,1
691,8771,2
691,27208,3
691,6991,4
692,16554,1
692,24147,2
692,16055,3
693,10486,1
693,3823,2
693,4073,3
693,28193,4
694,4428,1
694,4155,2
695,22055,1
695,9234,2
695,16639,3
696,21000,1
696,31,2
696,22095,3
696,29095,4
697,21955,1
697,222,2
697,27179,3
698,6739,1
698,23393,2
699,15126,1
699,26500,2
699,2615,3
699,2146,4
700,24722,1
700,9977,2
701,5668,1
701,3480,2
701,21961,3
702,4456,1
702,23874,2
702,21012,3
702,6351,4
702,25482,5
703,27593,1
703,21174,2
703,4897,3
704,9669,1
704,8810,2
705,10933,1
705,20041,2
705,1427,3
705,1743,4
706,19948,1
706,1946,2
706,17449,3
706,20458,4
706,5584,5
707,24013,1
707,19630,2
707,5428,3
707,26663,4
708,6249,1
708,7998,2
709,470,1
709,15005,2
710,9345,1
710,19041,2
711,12740,1
711,3018,2
712,4885,1
712,3826,2
712,6471,3
713,10594,1
713,29266,2
714,22084,1
714,10303,2
715,4985,1
715,1306,2
715,16657,3
715,25490,4
716,16670,1
716,3080,2
716,14288,3
717,26432,1
717,1077,2
718,15498,1
718,6428,2
718,17173,3
718,21886,4
718,2167,5
719,3764,1
719,23020,2
719,26535,3
719,12788,4
720,5253,1
720,28510,2
720,23122,3
720,24426,4
721,15560,1
721,15361,2
722,26903,1
722,16728,2
722,27,3
723,27285,1
723,26575,2
723,6234,3
724,3589,1
724,20317,2
725,7277,1
725,18256,2
726,3977,1
726,22850,2
726,12221,3
726,11316,4
726,9226,5
727,19049,1
727,22056,2
728,4155,1
728,495,2
728,4428,3
729,29706,1
729,3018,2
730,6525,1
730,6231,2
731,2615,1
731,24011,2
731,28,3
731,10293,4
732,3552,1
732,7357,2
732,1396,3
732,25852,4
733,4881,1
733,2908,2
733,4823,3
733,7429,4
733,28187,5
734,11477,1
734,2224,2
734,15278,3
735,29100,1
735,29673,2
735,4233,3
735,16926,4
736,26958,1
736,16713,2
736,19041,3
736,24193,4
737,17063,1
737,29760,2
737,9008,3
737,28917,4
737,16619,5
738,3432,1
738,26465,2
738,28427,3
738,19924,4
738,12447,5
739,10965,1
739,13408,2
739,20769,3
739,5428,4
739,16625,5
740,26204,1
740,22635,2
741,24513,1
741,3007,2
741,10118,3
741,4653,4
742,14052,1
742,29898,2
743,19948,1
743,12906,2
744,5952,1
744,18869,2
744,4246,3
744,25093,4
745,25335,1
745,10003,2
746,29286,1
746,21972,2
746,24182,3
747,1529,1
747,12450,2
747,29281,3
747,6979,4
747,28101,5
748,15089,1
748,19081,2
749,6317,1
749,10050,2
749,24440,3
750,19035,1
750,10460,2
750,17399,3
750,3980,4
750,10642,5
751,10593,1
751,3771,2
751,21936,3
752,3219,1
752,1954,2
753,865,1
753,11838,2
753,12548,3
753,3031,4
754,6696,1
754,1306,2
755,22089,1
755,367,2
755,26900,3
755,1891,4
756,3899,1
756,6617,2
757,18523,1
757,21423,2
757,25410,3
758,23522,1
758,7010,2
758,25332,3
758,8154,4
759,19258,1
759,17253,2
759,10682,3
760,19761,1
760,6387,2
760,19795,3
760,7153,4
761,4097,1
761,15673,2
761,4923,3
761,4233,4
762,1961,1
762,29894,2
763,15600,1
763,10713,2
763,29761,3
763,23165,4
764,8414,1
764,3667,2
764,7555,3
764,35,4
764,20865,5
765,7332,1
765,5610,2
765,9912,3
765,6246,4
766,2921,1
766,24574,2
766,4838,3
766,7488,4
767,3357,1
767,1834,2
767,21899,3
767,24060,4
767,5456,5
768,28635,1
768,4738,2
768,1768,3
768,28188,4
768,18833,5
769,3319,1
769,4009,2
769,9604,3
769,29462,4
770,10582,1
770,19051,2
770,4674,3
770,10898,4
770,27857,5
771,16057,1
771,21956,2
772,671,1
772,20246,2
772,4108,3
773,4689,1
773,21695,2
773,20778,3
774,7010,1
774,10002,2
775,10876,1
775,14004,2
775,2547,3
775,25562,4
776,28109,1
776,3143,2
777,13977,1
777,17591,2
777,6361,3
778,28627,1
778,4497,2
778,15614,3
779,13397,1
779,17193,2
779,3597,3
779,24492,4
780,24702,1
780,5320,2
780,17780,3
781,5231,1
781,22121,2
782,22061,1
782,21953,2
782,28823,3
782,9470,4
783,11943,1
783,29406,2
783,24513,3
785,4306,1
785,18964,2
785,17741,3
785,17223,4
786,18,1
786,28297,2
786,3425,3
786,9839,4
786,3377,5
787,18167,1
787,10861,2
788,4268,1
788,21899,2
788,4103,3
789,28462,1
789,24381,2
789,29614,3
789,9232,4
789,29205,5
790,29374,1
790,1924,2
790,1159,3
791,9938,1
791,21973,2
792,27045,1
792,21545,2
792,14337,3
793,27695,1
793,25899,2
793,10577,3
793,12533,4
794,29888,1
794,6939,2
794,16914,3
794,21724,4
795,797,1
795,28915,2
795,7004,3
795,20220,4
796,9681,1
796,7483,2
796,18861,3
797,14443,1
797,18260,2
797,3387,3
797,2159,4
798,29530,1
798,14948,2
799,25379,1
799,17312,2
799,10118,3
800,1390,1
800,2866,2
800,15396,3
801,4919,1
801,6476,2
802,2750,1
802,27547,2
802,26694,3
802,3489,4
802,21943,5
803,6520,1
803,14727,2
803,6939,3
804,2751,1
804,10368,2
804,4483,3
805,9370,1
805,27811,2
805,16911,3
805,27860,4
806,23009,1
806,27681,2
806,19110,3
806,25858,4
806,9914,5
807,23256,1
807,17631,2
807,25794,3
807,2850,4
808,24395,1
808,20945,2
808,10424,3
808,14964,4
808,5155,5
809,10891,1
809,29072,2
809,9317,3
809,25060,4
809,11639,5
810,16384,1
810,9551,2
810,24458,3
810,7489,4
810,23681,5
811,5291,1
811,13386,2
812,2001,1
812,619,2
812,22138,3
813,7147,1
813,12056,2
813,9041,3
813,6572,4
814,29412,1
814,17819,2
814,3953,3
814,26535,4
815,17948,1
815,12691,2
815,429,3
815,20932,4
815,24467,5
816,1679,1
816,3996,2
817,22388,1
817,27935,2
817,8608,3
817,15061,4
818,6611,1
818,22125,2
818,18885,3
818,25654,4
818,27285,5
819,5341,1
819,5275,2
819,2475,3
820,12683,1
820,9914,2
821,28168,1
821,3826,2
822,8086,1
822,25500,2
822,10699,3
822,18612,4
823,19911,1
823,21950,2
823,6293,3
823,29715,4
824,22979,1
824,16643,2
824,17934,3
825,8537,1
825,10598,2
825,27568,3
825,18570,4
825,1237,5
826,6518,1
826,24428,2
826,12958,3
826,1258,4
827,5158,1
827,9345,2
827,29930,3
828,9071,1
828,24458,2
829,29728,1
829,13744,2
829,7800,3
830,23568,1
830,1794,2
830,10819,3
830,22509,4
831,23110,1
831,23337,2
831,15739,3
832,19356,1
832,17367,2
832,17644,3
833,13174,1
833,5637,2
833,4599,3
833,27290,4
833,11132,5
834,5490,1
834,29653,2
834,6358,3
835,26266,1
835,18252,2
835,23048,3
835,27898,4
836,10119,1
836,1016,2
836,24461,3
836,3980,4
837,5193,1
837,24652,2
837,3362,3
837,29226,4
837,25,5
838,23477,1
838,25179,2
839,11304,1
839,2119,2
839,17290,3
840,2583,1
840,2613,2
841,27862,1
841,27300,2
842,6412,1
842,24174,2
843,8653,1
843,2012,2
843,3489,3
843,26551,4
843,25734,5
844,10840,1
844,1916,2
844,522,3
844,1358,4
845,1045,1
845,25446,2
845,15894,3
845,11961,4
845,3468,5
846,4155,1
846,495,2
846,4428,3
847,3528,1
847,4233,2
848,26741,1
848,2160,2
848,4588,3
848,4916,4
848,22829,5
849,22126,1
849,23893,2
849,12790,3
849,9068,4
849,28060,5
850,12412,1
850,25245,2
851,3215,1
851,12084,2
851,4042,3
851,7843,4
851,16634,5
852,5364,1
852,6831,2
853,6154,1
853,989,2
854,9039,1
854,11332,2
854,19153,3
854,10344,4
855,25746,1
855,27810,2
855,18259,3
855,18332,4
855,28068,5
856,29810,1
856,6196,2
856,29030,3
856,28325,4
856,13685,5
857,20695,1
857,14065,2
858,3954,1
858,27567,2
859,22519,1
859,9954,2
859,8313,3
859,3511,4
859,5375,5
860,15559,1
860,11091,2
860,6366,3
860,5751,4
861,3129,1
861,28919,2
862,15361,1
862,8560,2
862,27373,3
862,3709,4
862,28947,5
863,3591,1
863,25634,2
864,2394,1
864,986,2
865,29680,1
865,10012,2
865,27230,3
865,8310,4
865,1387,5
866,4023,1
866,22508,2
867,4999,1
867,13278,2
867,9538,3
867,10190,4
867,21954,5
868,28955,1
868,25734,2
868,5118,3
869,28978,1
869,5739,2
870,21929,1
870,5160,2
871,21979,1
871,5239,2
871,16654,3
872,863,1
872,24092,2
872,24535,3
872,23517,4
872,4890,5
873,6411,1
873,25393,2
874,4043,1
874,27096,2
874,28304,3
874,13459,4
875,16655,1
875,17086,2
875,521,3
876,8606,1
876,14468,2
877,7039,1
877,5671,2
877,19365,3
878,12549,1
878,21929,2
878,21935,3
879,3428,1
879,3314,2
879,6269,3
879,21931,4
880,2948,1
880,4613,2
880,12386,3
881,10514,1
881,515,2
881,8700,3
881,18924,4
882,8600,1
882,3149,2
882,8329,3
882,9709,4
883,4534,1
883,3481,2
883,22070,3
884,21117,1
884,27906,2
884,14512,3
884,21936,4
884,14985,5
885,10112,1
885,10599,2
885,27695,3
885,11800,4
886,24463,1
886,19413,2
886,27607,3
886,24214,4
886,7069,5
887,7998,1
887,6607,2
887,24207,3
887,893,4
888,4611,1
888,5237,2
888,17186,3
889,7944,1
889,25291,2
890,26044,1
890,7251,2
890,4008,3
891,28990,1
891,25497,2
891,9579,3
892,1197,1
892,3262,2
892,3707,3
892,26787,4
893,6248,1
893,23085,2
893,2803,3
893,2902,4
893,10933,5
894,29978,1
894,21063,2
894,16619,3
894,21373,4
895,26742,1
895,26230,2
896,22125,1
896,24121,2
896,5820,3
896,28349,4
897,22775,1
897,8755,2
897,4108,3
898,23934,1
898,4823,2
899,1108,1
899,4505,2
900,28550,1
900,26829,2
900,7025,3
900,16926,4
900,8910,5
901,9521,1
901,5885,2
901,5245,3
901,10931,4
901,22904,5
902,27217,1
902,29010,2
902,19048,3
903,6600,1
903,11759,2
903,27519,3
903,27836,4
903,2752,5
904,25787,1
904,8192,2
904,12687,3
906,3047,1
906,10206,2
906,4926,3
906,2583,4
906,23061,5
907,1564,1
907,21406,2
907,29708,3
908,27602,1
908,10910,2
909,13947,1
909,3552,2
909,23013,3
910,1527,1
910,10039,2
910,3771,3
910,20997,4
910,10642,5
911,26306,1
911,9861,2
911,3899,3
911,4747,4
911,5148,5
912,28363,1
912,16202,2
912,4213,3
912,1562,4
912,2406,5
913,146,1
913,3942,2
913,2034,3
913,25493,4
914,1167,1
914,439,2
915,2295,1
915,8116,2
915,4720,3
916,23950,1
916,16640,2
916,9978,3
916,2901,4
917,9662,1
917,7597,2
917,10190,3
917,1980,4
917,3121,5
919,5779,1
919,12948,2
920,11621,1
920,28305,2
920,1969,3
920,28635,4
921,26203,1
921,4428,2
921,10002,3
922,5912,1
922,418,2
922,2703,3
923,24838,1
923,1106,2
923,27043,3
924,3028,1
924,13685,2
924,22564,3
924,1310,4
924,15447,5
925,6216,1
925,17015,2
925,21594,3
925,4447,4
925,9389,5
926,22829,1
926,4871,2
926,19208,3
927,298,1
927,11180,2
927,9792,3
927,20674,4
927,5432,5
928,3943,1
928,3441,2
928,7013,3
928,10963,4
929,25580,1
929,23156,2
930,20695,1
930,23061,2
930,12351,3
930,26787,4
931,29421,1
931,29037,2
931,9926,3
931,27019,4
931,12640,5
932,28072,1
932,13054,2
932,18824,3
933,495,1
933,4428,2
934,26341,1
934,1632,2
934,2257,3
935,17276,1
935,1071,2
935,9623,3
936,6419,1
936,9306,2
936,5888,3
936,120,4
937,4691,1
937,6696,2
937,4816,3
938,13470,1
938,22215,2
938,412,3
938,4482,4
939,9600,1
939,15030,2
939,9887,3
939,4826,4
940,6097,1
940,4915,2
940,17192,3
940,24853,4
941,15848,1
941,19480,2
941,9360,3
941,25487,4
941,933,5
942,2186,1
942,26303,2
942,22644,3
943,29711,1
943,18425,2
943,6041,3
943,29525,4
943,8730,5
944,27666,1
944,12221,2
945,8304,1
945,21661,2
946,24003,1
946,14256,2
946,28641,3
947,12452,1
947,20246,2
947,23163,3
947,18259,4
948,12973,1
948,22111,2
949,26503,1
949,2625,2
949,28822,3
949,22812,4
950,20723,1
950,22074,2
950,29092,3
950,18719,4
950,9929,5
951,27548,1
951,24559,2
951,7521,3
951,8549,4
951,8046,5
952,29842,1
952,17191,2
952,26387,3
953,7,1
953,10576,2
953,28682,3
953,3459,4
953,28810,5
954,5166,1
954,16139,2
954,6073,3
954,5725,4
954,8768,5
955,8623,1
955,25976,2
955,28175,3
955,5648,4
955,12786,5
956,5089,1
956,5401,2
957,15913,1
957,17942,2
957,7646,3
957,21260,4
957,79,5
958,21920,1
958,9981,2
959,2545,1
959,21037,2
960,13469,1
960,14538,2
960,3126,3
960,14256,4
961,609,1
961,261,2
961,11363,3
961,6412,4
961,7848,5
962,5738,1
962,5118,2
962,2715,3
962,3203,4
962,14741,5
963,6981,1
963,11676,2
964,25022,1
964,25424,2
964,21418,3
964,10651,4
965,10519,1
965,19697,2
965,16617,3
965,11140,4
966,26274,1
966,3780,2
966,10460,3
967,2476,1
967,5467,2
967,24449,3
967,29434,4
967,21344,5
968,657,1
968,888,2
969,25330,1
969,4878,2
970,22097,1
970,14398,2
970,12611,3
970,3360,4
970,9955,5
971,8814,1
971,29728,2
971,25332,3
971,26204,4
971,26206,5
972,10200,1
972,29374,2
972,25011,3
973,19943,1
973,3300,2
973,6716,3
973,10821,4
974,15704,1
974,9292,2
974,7367,3
974,10139,4
975,4506,1
975,24527,2
975,24370,3
975,27164,4
976,15544,1
976,15643,2
977,26644,1
977,25321,2
977,7312,3
977,25835,4
977,1766,5
978,27897,1
978,18127,2
978,4545,3
978,10343,4
979,27519,1
979,20280,2
979,12003,3
980,7275,1
980,15079,2
980,25074,3
980,24214,4
980,2603,5
981,8023,1
981,25136,2
981,26646,3
982,23522,1
982,5396,2
982,26278,3
982,3997,4
982,26204,5
983,7008,1
983,10565,2
983,292,3
983,2700,4
984,23158,1
984,5912,2
984,10190,3
984,13108,4
984,11826,5
985,23646,1
985,7820,2
985,29558,3
985,7168,4
985,9470,5
986,12930,1
986,4056,2
986,12740,3
987,4285,1
987,275,2
987,6066,3
987,12766,4
988,25128,1
988,23735,2
989,13386,1
989,8322,2
989,4144,3
989,22100,4
990,21579,1
990,18303,2
990,15739,3
991,16630,1
991,28916,2
991,22108,3
992,10002,1
992,29728,2
992,9270,3
993,21933,1
993,26726,2
994,10100,1
994,23568,2
994,9581,3
994,6337,4
994,25940,5
995,18728,1
995,21931,2
995,24660,3
996,24088,1
996,1933,2
996,29595,3
997,29838,1
997,8934,2
997,28889,3
998,9518,1
998,25499,2
998,22220,3
998,26828,4
998,6080,5
999,4684,1
999,15068,2
1000,23182,1
1000,26382,2
1000,17666,3
1001,9416,1
1001,20116,2
1001,27665,3
1002,21040,1
1002,4097,2
1002,4611,3
1002,4181,4
1003,10794,1
1003,13386,2
1003,12538,3
1004,12206,1
1004,9608,2
1005,14337,1
1005,26160,2
1005,27169,3
1006,19401,1
1006,29732,2
1007,14760,1
1007,9122,2
1008,7192,1
1008,19080,2
1008,1614,3
1009,33,1
1009,25410,2
1009,1875,3
1009,29036,4
1010,2944,1
1010,26836,2
1011,27212,1
1011,28043,2
1012,797,1
1012,27596,2
1012,28742,3
1012,11297,4
1013,2615,1
1013,9364,2
1013,2012,3
1014,28032,1
1014,23202,2
1014,21807,3
1014,6105,4
1015,11034,1
1015,27706,2
1015,2887,3
1016,25589,1
1016,12981,2
1016,2440,3
1016,27516,4
1016,8036,5
1017,26139,1
1017,29795,2
1017,23562,3
1017,13307,4
1018,5364,1
1018,6408,2
1019,26201,1
1019,12797,2
1019,3979,3
1019,27053,4
1020,29312,1
1020,25477,2
1021,17502,1
1021,5087,2
1021,29663,3
1021,21698,4
1022,4034,1
1022,9889,2
1022,8306,3
1022,24834,4
1022,20368,5
1023,26759,1
1023,8731,2
1023,15454,3
1023,772,4
1024,7247,1
1024,20435,2
1024,13406,3
1024,5175,4
1024,25145,5
1025,12795,1
1025,4895,2
1025,20248,3
1026,29700,1
1026,21941,2
1026,11053,3
1027,2168,1
1027,732,2
1027,22083,3
1028,27736,1
1028,23156,2
1028,558,3
1028,23391,4
1029,24755,1
1029,9830,2
1029,3205,3
1029,28712,4
1030,3581,1
1030,16286,2
1030,22172,3
1030,3239,4
1030,8263,5
1031,7827,1
1031,4358,2
1031,28353,3
1032,25246,1
1032,26095,2
1032,796,3
1032,29935,4
1033,4729,1
1033,26308,2
1034,28024,1
1034,18411,2
1034,8668,3
1034,29473,4
1035,3218,1
1035,28459,2
1035,26335,3
1035,9732,4
1036,9323,1
1036,11142,2
1036,25832,3
1036,14932,4
1037,26204,1
1037,10801,2
1038,72,1
1038,9777,2
1038,29003,3
1039,16950,1
1039,10577,2
1039,23082,3
1040,5145,1
1040,25624,2
1040,18108,3
1040,2549,4
1041,13797,1
1041,28892,2
1041,26183,3
1041,27386,4
1041,15671,5
1042,3129,1
1042,26616,2
1042,24390,3
1043,17366,1
1043,9842,2
1044,28910,1
1044,11724,2
1045,1547,1
1045,7593,2
1045,4313,3
1046,22169,1
1046,2241,2
1046,21632,3
1046,29525,4
1047,25143,1
1047,13111,2
1048,17291,1
1048,15876,2
1048,2218,3
1048,4029,4
1048,9558,5
1049,1159,1
1049,5085,2
1050,7212,1
1050,19034,2
1050,28139,3
1051,22370,1
1051,1969,2
1051,26402,3
1051,20714,4
1051,3028,5
1052,5021,1
1052,20041,2
1052,6622,3
1052,3124,4
1052,22898,5
1053,7922,1
1053,25223,2
1053,4729,3
1053,21634,4
1053,2950,5
1054,4525,1
1054,2585,2
1055,11338,1
1055,1047,2
1055,25851,3
1056,15192,1
1056,21545,2
1056,9620,3
1057,19153,1
1057,6735,2
1057,1310,3
1058,27596,1
1058,1641,2
1059,13108,1
1059,26276,2
1059,18517,3
1060,16342,1
1060,25580,2
1060,3325,3
1060,21926,4
1060,6318,5
1061,29322,1
1061,14289,2
1062,4905,1
1062,24624,2
1063,931,1
1063,6278,2
1063,29238,3
1063,9270,4
1063,26165,5
1064,21274,1
1064,8312,2
1064,10514,3
1064,4276,4
1065,20760,1
1065,931,2
1065,3958,3
1065,16261,4
1066,20178,1
1066,9342,2
1066,26456,3
1066,10834,4
1067,4237,1
1067,27816,2
1067,29129,3
1067,6122,4
1067,18158,5
1068,19764,1
1068,29767,2
1068,2776,3
1069,29946,1
1069,21978,2
1069,2757,3
1070,10474,1
1070,19352,2
1070,18674,3
1070,23995,4
1070,1580,5
1071,16340,1
1071,4114,2
1071,18222,3
1071,26812,4
1072,15998,1
1072,25142,2
1073,5320,1
1073,2506,2
1073,1301,3
1074,28281,1
1074,14778,2
1074,2883,3
1075,4267,1
1075,28991,2
1075,26591,3
1076,7153,1
1076,21340,2
1076,27972,3
1077,2435,1
1077,10268,2
1077,3021,3
1077,4471,4
1078,13095,1
1078,16905,2
1078,3207,3
1079,10515,1
1079,2042,2
1079,29089,3
1079,10692,4
1079,7631,5
1080,28225,1
1080,29406,2
1080,27290,3
1080,2511,4
1080,20723,5
1081,995,1
1081,3884,2
1081,1556,3
1081,9082,4
1082,2779,1
1082,15022,2
1082,2541,3
1083,7816,1
1083,3276,2
1083,4017,3
1083,10907,4
1084,12910,1
1084,16646,2
1084,1584,3
1084,14036,4
1085,27667,1
1085,9507,2
1085,9008,3
1085,22116,4
1086,26405,1
1086,25583,2
1086,26535,3
1086,7820,4
1087,13035,1
1087,28555,2
1088,15583,1
1088,23646,2
1088,19620,3
1088,18977,4
1088,25058,5
1089,4872,1
1089,3953,2
1090,3046,1
1090,16128,2
1090,10406,3
1091,1515,1
1091,2584,2
1091,25585,3
1091,1400,4
1091,29987,5
1092,16661,1
1092,2731,2
1092,23539,3
1093,5624,1
1093,19062,2
1094,27519,1
1094,22120,2
1095,2495,1
1095,4976,2
1095,2440,3
1095,21545,4
1095,26296,5
1096,4744,1
1096,27009,2
1096,9847,3
1097,26551,1
1097,16618,2
1097,26160,3
1097,16647,4
1097,21918,5
1098,15555,1
1098,22518,2
1098,601,3
1098,23823,4
1099,16764,1
1099,22999,2
1099,14647,3
1100,29208,1
1100,1607,2
1101,20935,1
1101,24591,2
1101,24659,3
1102,24850,1
1102,21681,2
1102,25999,3
1103,3091,1
1103,9238,2
1103,27801,3
1103,5528,4
1103,29081,5
1104,5019,1
1104,9268,2
1104,5985,3
1104,7486,4
1105,26027,1
1105,7344,2
1105,17,3
1105,3423,4
1106,23466,1
1106,4867,2
1106,27593,3
1107,3124,1
1107,863,2
1107,192,3
1107,14446,4
1107,2218,5
1108,8944,1
1108,10066,2
1108,14104,3
1108,5517,4
1109,20227,1
1109,23391,2
1109,9548,3
1110,4100,1
1110,29629,2
1110,28277,3
1110,28068,4
1110,3528,5
1111,2257,1
1111,15742,2
1111,7251,3
1112,4874,1
1112,17483,2
1112,23603,3
1112,2430,4
1112,29645,5
1113,3269,1
1113,19610,2
1113,12167,3
1113,10972,4
1113,10200,5
1114,8850,1
1114,28813,2
1114,9735,3
1114,5275,4
1115,27669,1
1115,5656,2
1115,8436,3
1116,26680,1
1116,26508,2
1116,338,3
1116,4724,4
1117,16973,1
1117,10629,2
1117,9256,3
1118,23529,1
1118,21912,2
1118,4270,3
1119,10360,1
1119,22314,2
1119,20574,3
1119,11034,4
1120,16083,1
1120,18143,2
1120,8457,3
1120,14760,4
1120,5396,5
1121,2799,1
1121,6738,2
1121,4929,3
1121,4898,4
1121,26557,5
1122,4196,1
1122,10564,2
1122,28281,3
1122,2803,4
1122,545,5
1123,1776,1
1123,6096,2
1123,18855,3
1124,3119,1
1124,9660,2
1125,25999,1
1125,1497,2
1125,24643,3
1125,4155,4
1125,23671,5
1126,7682,1
1126,13157,2
1126,18369,3
1126,3286,4
1126,548,5
1127,29928,1
1127,4351,2
1127,21594,3
1127,10820,4
1128,10830,1
1128,26163,2
1128,29010,3
1128,22107,4
1128,11809,5
1129,26591,1
1129,4895,2
1129,27036,3
1130,25235,1
1130,21754,2
1130,25760,3
1130,25578,4
1130,22086,5
1131,29813,1
1131,22787,2
1131,18203,3
1131,14582,4
1131,9672,5
1132,12266,1
1132,10882,2
1132,2441,3
1133,5533,1
1133,4724,2
1133,25857,3
1133,13977,4
1133,3628,5
1134,4872,1
1134,3807,2
1134,10891,3
1134,12837,4
1135,25150,1
1135,3468,2
1136,20311,1
1136,21755,2
1137,28,1
1137,18239,2
1137,27708,3
1137,26368,4
1138,28801,1
1138,23727,2
1138,21962,3
1138,1622,4
1138,2921,5
1139,26285,1
1139,28168,2
1139,10542,3
1140,4635,1
1140,4913,2
1140,6870,3
1141,23050,1
1141,495,2
1141,20226,3
1141,9727,4
1141,13410,5
1142,19069,1
1142,20264,2
1142,4510,3
1142,22108,4
1143,21949,1
1143,28224,2
1143,29706,3
1143,23432,4
1143,19024,5
1144,22968,1
1144,28673,2
1144,1414,3
1145,27606,1
1145,4996,2
1145,9971,3
1146,9981,1
1146,5085,2
1146,16650,3
1147,19545,1
1147,15816,2
1147,7876,3
1148,11132,1
1148,26642,2
1148,7229,3
1149,26283,1
1149,10952,2
1149,15607,3
1149,2940,4
1149,2364,5
1150,1231,1
1150,8913,2
1150,18952,3
1150,744,4
1150,14885,5
1151,10391,1
1151,6932,2
1151,15523,3
1152,1132,1
1152,5802,2
1152,2908,3
1152,14334,4
1153,4574,1
1153,9694,2
1153,21558,3
1153,29132,4
1154,3425,1
1154,25847,2
1154,1,3
1154,19954,4
1154,26506,5
1155,6696,1
1155,345,2
1155,732,3
1155,7539,4
1156,1142,1
1156,21591,2
1156,4044,3
1156,11339,4
1156,117,5
1157,2863,1
1157,17699,2
1157,24761,3
1157,6575,4
1158,13372,1
1158,24625,2
1158,16518,3
1158,20527,4
1159,8507,1
1159,24785,2
1159,1768,3
1159,26676,4
1160,10933,1
1160,1303,2
1160,15652,3
1160,24756,4
1161,21970,1
1161,6446,2
1161,20010,3
1162,29449,1
1162,8430,2
1162,25457,3
1162,8910,4
1163,25734,1
1163,17912,2
1163,14963,3
1163,7887,4
1164,28792,1
1164,19038,2
1164,9958,3
1165,11204,1
1165,9761,2
1165,16057,3
1166,10669,1
1166,4919,2
1166,721,3
1166,26964,4
1166,335,5
1167,25636,1
1167,26646,2
1167,19419,3
1168,593,1
1168,7800,2
1169,7686,1
1169,17744,2
1169,10695,3
1169,17495,4
1169,6765,5
1170,10353,1
1170,12591,2
1171,27476,1
1171,369,2
1172,25528,1
1172,8478,2
1173,5614,1
1173,22743,2
1174,11758,1
1174,16926,2
1174,10447,3
1174,12542,4
1174,195,5
1175,8446,1
1175,5684,2
1175,387,3
1175,9453,4
1175,22120,5
1176,23905,1
1176,28384,2
1177,4630,1
1177,4211,2
1177,3425,3
1177,23878,4
1177,3608,5
1178,12436,1
1178,1927,2
1178,28457,3
1179,26200,1
1179,16643,2
1179,15907,3
1179,25196,4
1179,26722,5
1180,2204,1
1180,10514,2
1180,2913,3
1181,4138,1
1181,4800,2
1182,22131,1
1182,8741,2
1182,27345,3
1182,11922,4
1182,13411,5
1183,933,1
1183,19030,2
1183,28001,3
1183,28138,4
1183,26202,5
1184,28390,1
1184,20039,2
1184,3104,3
1184,8020,4
1184,3193,5
1185,13976,1
1185,4590,2
1185,6518,3
1185,10063,4
1185,22058,5
1186,27826,1
1186,16065,2
1186,10538,3
1187,28738,1
1187,14844,2
1187,12761,3
1188,9147,1
1188,28800,2
1188,26562,3
1188,6244,4
1189,9209,1
1189,10851,2
1189,3760,3
1189,16652,4
1190,17829,1
1190,24263,2
1190,23196,3
1190,23671,4
1191,10700,1
1191,7253,2
1192,6317,1
1192,17349,2
1192,1875,3
1192,10199,4
1193,986,1
1193,2803,2
1194,21595,1
1194,20831,2
1194,23896,3
1195,4407,1
1195,17616,2
1195,22717,3
1195,25976,4
1195,25583,5
1196,27638,1
1196,25957,2
1197,23466,1
1197,4874,2
1198,5144,1
1198,5599,2
1199,9324,1
1199,29862,2
1199,3111,3
1199,2082,4
1200,1489,1
1200,10052,2
1200,10966,3
1201,13465,1
1201,26145,2
1201,7317,3
1201,9549,4
1201,2243,5
1202,15998,1
1202,29068,2
1202,9887,3
1202,25142,4
1203,15970,1
1203,350,2
1203,28527,3
1204,25428,1
1204,12395,2
1204,19120,3
1205,1430,1
1205,4044,2
1205,22083,3
1205,28803,4
1205,12971,5
1206,10745,1
1206,28457,2
1206,29263,3
1206,16967,4
1206,16824,5
1207,8046,1
1207,7923,2
1208,4155,1
1209,928,1
1209,8814,2
1209,7208,3
1209,28815,4
1210,22424,1
1210,16648,2
1210,338,3
1211,23085,1
1211,9324,2
1211,22745,3
1212,3619,1
1212,16613,2
1213,10593,1
1213,1891,2
1213,4877,3
1214,11943,1
1214,2220,2
1214,25489,3
1215,15671,1
1215,3565,2
1215,4525,3
1216,23230,1
1216,25146,2
1216,25400,3
1217,29473,1
1217,9697,2
1217,8121,3
1217,6041,4
1218,4812,1
1218,5160,2
1218,5166,3
1218,26654,4
1218,17017,5
1219,6347,1
1219,24283,2
1219,19415,3
1220,8772,1
1220,26305,2
1220,12671,3
1220,4010,4
1220,5253,5
1221,13287,1
1221,26460,2
1221,23084,3
1222,1591,1
1222,27837,2
1222,14423,3
1222,12695,4
1222,17948,5
1223,2909,1
1223,16666,2
1224,12004,1
1224,3276,2
1224,3529,3
1224,11217,4
1225,2650,1
1225,27608,2
1225,11076,3
1226,1780,1
1226,16930,2
1226,22203,3
1226,13287,4
1227,16057,1
1227,2493,2
1227,25242,3
1227,22744,4
1227,357,5
1228,8981,1
1228,22088,2
1228,19979,3
1228,16091,4
1228,13343,5
1229,16619,1
1229,3282,2
1229,10718,3
1229,14484,4
1230,10676,1
1230,13143,2
1230,8437,3
1230,19844,4
1231,11847,1
1231,16663,2
1231,9577,3
1232,3532,1
1232,22304,2
1233,4897,1
1233,3682,2
1234,7031,1
1234,3124,2
1234,24337,3
1234,10012,4
1234,7356,5
1235,19948,1
1235,21558,2
1235,26335,3
1235,17193,4
1236,22125,1
1236,21960,2
1236,14745,3
1236,2401,4
1236,19934,5
1237,4379,1
1237,24582,2
1238,8527,1
1238,6545,2
1239,18750,1
1239,27815,2
1239,8860,3
1240,9334,1
1240,4925,2
1240,14694,3
1241,26979,1
1241,20185,2
1241,22745,3
1242,8157,1
1242,4967,2
1243,7064,1
1243,19350,2
1243,6386,3
1244,22774,1
1244,9408,2
1244,13776,3
1244,16072,4
1245,19002,1
1245,4085,2
1245,12046,3
1246,2143,1
1246,11644,2
1246,7367,3
1246,736,4
1247,22744,1
1247,15843,2
1247,26500,3
1247,22578,4
1247,15,5
1248,3958,1
1248,16476,2
1248,26223,3
1249,25006,1
1249,10835,2
1249,14446,3
1249,11032,4
1250,25307,1
1250,9681,2
1250,23477,3
1250,8560,4
1251,26404,1
1251,9750,2
1251,17941,3
1252,866,1
1252,16957,2
1252,25300,3
1253,19088,1
1253,3467,2
1253,20249,3
1253,17196,4
1254,4659,1
1254,16461,2
1254,20046,3
1254,8098,4
1254,28345,5
1255,26306,1
1255,9432,2
1256,25146,1
1256,8858,2
1256,22673,3
1256,18729,4
1257,12609,1
1257,2554,2
1257,747,3
1257,10372,4
1257,2733,5
1258,5802,1
1258,2034,2
1259,29041,1
1259,16629,2
1259,13689,3
1260,5631,1
1260,3068,2
1261,17083,1
1261,6174,2
1261,11304,3
1262,28813,1
1262,21963,2
1262,15727,3
1262,20427,4
1262,7835,5
1263,11295,1
1263,2525,2
1263,210,3
1263,15607,4
1264,4926,1
1264,2900,2
1264,4907,3
1264,2567,4
1265,16386,1
1265,4822,2
1265,9608,3
1266,4155,1
1266,495,2
1266,4428,3
1267,27365,1
1267,22074,2
1267,17829,3
1267,13693,4
1267,3530,5
1268,16362,1
1268,15069,2
1268,6122,3
1268,7246,4
1269,13199,1
1269,7490,2
1270,17644,1
1270,26586,2
1270,3516,3
1270,8908,4
1271,4925,1
1271,15459,2
1271,4360,3
1271,3899,4
1272,6247,1
1272,20061,2
1272,6390,3
1272,2082,4
1273,14844,1
1273,26200,2
1273,29283,3
1274,9682,1
1274,25351,2
1274,33,3
1274,20276,4
1274,13976,5
1275,13394,1
1275,29918,2
1275,29352,3
1276,395,1
1276,22081,2
1277,5375,1
1277,29751,2
1277,7170,3
1277,1398,4
1278,24850,1
1278,27811,2
1278,25461,3
1279,2879,1
1279,19049,2
1279,28452,3
1279,2020,4
1279,29462,5
1280,29095,1
1280,4879,2
1280,22088,3
1280,19870,4
1281,2170,1
1281,6377,2
1281,15967,3
1282,6800,1
1282,26351,2
1283,3241,1
1283,4008,2
1283,25847,3
1283,3019,4
1284,7496,1
1284,25576,2
1284,13693,3
1284,3948,4
1285,13100,1
1285,4958,2
1285,2736,3
1285,21701,4
1286,7721,1
1286,15179,2
1286,4822,3
1287,10548,1
1287,17934,2
1287,11339,3
1287,24659,4
1288,11821,1
1288,6397,2
1288,13883,3
1288,27985,4
1289,14156,1
1289,2334,2
1289,21741,3
1289,2204,4
1290,15174,1
1290,8318,2
1290,3763,3
1291,11259,1
1291,14242,2
1292,10979,1
1292,22622,2
1292,27549,3
1293,9997,1
1293,6154,2
1293,6682,3
1293,7247,4
1294,9793,1
1294,5019,2
1294,29784,3
1294,26230,4
1295,26204,1
1295,23478,2
1296,9672,1
1296,6901,2
1296,2405,3
1297,5800,1
1297,5361,2
1297,28940,3
1297,22113,4
1297,3528,5
1298,17367,1
1298,16925,2
1298,3644,3
1298,7776,4
1298,22631,5
1299,9921,1
1299,25080,2
1299,4659,3
1300,6525,1
1300,27951,2
1300,20695,3
1300,8381,4
1301,693,1
1301,5644,2
1301,27380,3
1302,26916,1
1302,16136,2
1303,18730,1
1303,6689,2
1303,4162,3
1303,4417,4
1303,16480,5
1304,14987,1
1304,16683,2
1304,6700,3
1304,8798,4
1304,7635,5
1305,7229,1
1305,3544,2
1305,28812,3
1305,9476,4
1306,26192,1
1306,9275,2
1306,1047,3
1307,14228,1
1307,26382,2
1307,2063,3
1307,25242,4
1308,29465,1
1308,10635,2
1308,16091,3
1309,12073,1
1309,26510,2
1309,3031,3
1309,2637,4
1310,6188,1
1310,4467,2
1310,5567,3
1311,7935,1
1311,28297,2
1311,7666,3
1311,10549,4
1311,22677,5
1312,21922,1
1312,3950,2
1313,19949,1
1313,22117,2
1314,2657,1
1314,10199,2
1314,2434,3
1314,20318,4
1314,4612,5
1315,7358,1
1315,26039,2
1316,15636,1
1316,984,2
1316,16261,3
1316,1907,4
1316,26449,5
1317,21931,1
1317,5540,2
1317,11321,3
1318,6700,1
1318,24201,2
1318,25074,3
1319,23975,1
1319,4912,2
1319,16659,3
1319,25909,4
1320,26139,1
1320,15872,2
1321,6358,1
1321,10876,2
1321,3271,3
1321,6606,4
1322,2178,1
1322,8608,2
1322,12976,3
1322,29813,4
1322,20046,5
1323,51,1
1323,4145,2
1324,23562,1
1324,2779,2
1325,10877,1
1325,16909,2
1325,3213,3
1326,14760,1
1326,4185,2
1326,3345,3
1327,13404,1
1327,4984,2
1327,9830,3
1327,13233,4
1327,9251,5
1328,15297,1
1328,21363,2
1329,10424,1
1329,1047,2
1329,14888,3
1330,24677,1
1330,29756,2
1330,15097,3
1331,4155,1
1331,495,2
1331,4428,3
1332,10225,1
1332,23674,2
1332,8250,3
1332,26722,4
1333,27875,1
1333,28010,2
1333,10504,3
1333,18746,4
1334,29551,1
1334,3991,2
1335,26945,1
1335,3644,2
1335,20352,3
1335,23351,4
1336,6959,1
1336,2316,2
1336,1304,3
1337,27550,1
1337,22115,2
1338,10565,1
1338,10827,2
1338,9460,3
1338,6991,4
1339,29035,1
1339,7025,2
1339,17805,3
1339,7512,4
1339,5549,5
1340,10877,1
1340,15757,2
1340,17872,3
1340,10583,4
1341,7208,1
1341,23119,2
1342,5521,1
1342,4896,2
1342,10200,3
1342,20176,4
1342,28317,5
1343,10085,1
1343,252,2
1343,21639,3
1344,3586,1
1344,3012,2
1344,26722,3
1344,16647,4
1344,3544,5
1345,7652,1
1345,28709,2
1345,8002,3
1345,5656,4
1345,6244,5
1346,24219,1
1346,8207,2
1346,2790,3
1346,26645,4
1346,4133,5
1347,8204,1
1347,25048,2
1348,12545,1
1348,20319,2
1348,22988,3
1349,6364,1
1349,3541,2
1350,27963,1
1350,1046,2
1351,6072,1
1351,2550,2
1351,2547,3
1352,10549,1
1352,16973,2
1352,15430,3
1353,10582,1
1353,26840,2
1353,13394,3
1353,17704,4
1353,23295,5
1354,29825,1
1354,23807,2
1354,16277,3
1355,1543,1
1355,29099,2
1355,2536,3
1355,5795,4
1356,5912,1
1356,29726,2
1356,17495,3
1357,10875,1
1357,9379,2
1357,25589,3
1357,4878,4
1357,8860,5
1358,2475,1
1358,5978,2
1358,1602,3
1359,18688,1
1359,29525,2
1359,28918,3
1360,9994,1
1360,16924,2
1360,26008,3
1361,21743,1
1361,5248,2
1361,28548,3
1362,16088,1
1362,2901,2
1362,3290,3
1362,13904,4
1363,17188,1
1363,3277,2
1363,10835,3
1364,4286,1
1364,24513,2
1364,155,3
1364,3425,4
1364,1768,5
1365,13333,1
1365,6848,2
1365,19893,3
1365,22141,4
1365,3062,5
1366,14156,1
1366,14760,2
1366,1040,3
1366,2659,4
1367,3366,1
1367,22085,2
1368,29001,1
1368,25852,2
1368,2997,3
1368,3042,4
1369,28469,1
1369,27999,2
1369,29595,3
1370,10640,1
1370,22408,2
1371,16930,1
1371,7649,2
1371,25937,3
1371,22988,4
1372,2545,1
1372,27018,2
1372,3511,3
1372,8256,4
1372,20570,5
1373,4500,1
1373,2904,2
1373,4679,3
1373,8548,4
1374,4662,1
1374,617,2
1374,18446,3
1375,10454,1
1375,17349,2
1375,18522,3
1375,22850,4
1376,80,1
1376,8137,2
1376,6695,3
1376,17424,4
1376,6741,5
1377,13171,1
1377,3925,2
1377,19688,3
1377,19184,4
1377,25746,5
1378,26680,1
1378,27638,2
1379,29387,1
1379,11009,2
1379,22874,3
1379,20533,4
1380,2360,1
1380,10979,2
1380,22940,3
1380,28105,4
1380,20666,5
1381,4413,1
1381,17473,2
1381,2585,3
1382,23374,1
1382,13904,2
1382,5068,3
1382,439,4
1382,2998,5
1383,26383,1
1383,20690,2
1383,27307,3
1383,16114,4
1384,13279,1
1384,4590,2
1385,2905,1
1385,23520,2
1386,29644,1
1386,15343,2
1386,5680,3
1387,2266,1
1387,29779,2
1388,23522,1
1388,24643,2
1388,24582,3
1388,10846,4
1389,25321,1
1389,26204,2
1389,27972,3
1389,25868,4
1390,24755,1
1390,28173,2
1390,14011,3
1391,15057,1
1391,22968,2
1391,2542,3
1391,4771,4
1391,3154,5
1392,28689,1
1392,23197,2
1392,67,3
1392,21144,4
1393,5684,1
1393,7491,2
1393,28024,3
1393,24182,4
1394,8220,1
1394,5798,2
1394,25624,3
1394,15126,4
1395,21979,1
1395,29784,2
1396,23813,1
1396,984,2
1396,16382,3
1396,10515,4
1397,19748,1
1397,20226,2
1397,29784,3
1397,3867,4
1398,18395,1
1398,3465,2
1398,7805,3
1398,3282,4
1398,21302,5
1399,7578,1
1399,22508,2
1399,18652,3
1400,28248,1
1400,22813,2
1400,5678,3
1400,27842,4
1401,9543,1
1401,13075,2
1401,25272,3
1401,21558,4
1401,18302,5
1402,26465,1
1402,23061,2
1402,2428,3
1402,25300,4
1403,29598,1
1403,11304,2
1404,10169,1
1404,14650,2
1404,3137,3
1404,10155,4
1405,2334,1
1405,8949,2
1405,29573,3
1406,20666,1
1406,2700,2
1407,27055,1
1407,8431,2
1407,22072,3
1408,17268,1
1408,492,2
1408,26950,3
1408,27096,4
1408,21616,5
1409,20061,1
1409,1040,2
1410,730,1
1410,8545,2
1411,3950,1
1411,11884,2
1412,29876,1
1412,8140,2
1412,29040,3
1412,17978,4
1412,4164,5
1413,4379,1
1413,6609,2
1413,21709,3
1413,2243,4
1413,12740,5
1414,22968,1
1414,11184,2
1414,22368,3
1414,19885,4
1415,6993,1
1415,29449,2
1415,28432,3
1415,14990,4
1415,4497,5
1416,495,1
1416,4155,2
1417,25518,1
1417,16648,2
1417,9752,3
1418,4127,1
1418,14231,2
1418,5320,3
1419,13407,1
1419,29352,2
1419,2603,3
1420,8814,1
1420,26207,2
1421,6504,1
1421,986,2
1421,2724,3
1421,27668,4
1422,8858,1
1422,25645,2
1422,21696,3
1423,4999,1
1423,29798,2
1423,25516,3
1423,24592,4
1423,1077,5
1424,15782,1
1424,26706,2
1424,27596,3
1424,14053,4
1425,12712,1
1425,29802,2
1425,22595,3
1425,4023,4
1426,21698,1
1426,23896,2
1427,4137,1
1427,8876,2
1428,1045,1
1428,3761,2
1428,10032,3
1428,26213,4
1429,20401,1
1429,26592,2
1429,23537,3
1429,27428,4
1430,15123,1
1430,9019,2
1430,9529,3
1430,16670,4
1430,301,5
1431,5190,1
1431,1425,2
1431,26943,3
1431,20765,4
1432,7169,1
1432,2510,2
1432,2746,3
1433,24853,1
1433,7430,2
1433,25464,3
1433,1515,4
1434,15461,1
1434,20035,2
1435,26632,1
1435,18688,2
1435,21684,3
1436,8837,1
1436,6957,2
1436,12222,3
1436,6702,4
1436,8646,5
1437,25963,1
1437,27235,2
1437,27705,3
1438,19080,1
1438,20593,2
1438,19944,3
1438,19964,4
1439,3325,1
1439,11334,2
1439,26706,3
1440,1144,1
1440,28072,2
1440,19752,3
1440,8919,4
1440,3228,5
1441,9669,1
1441,13400,2
1441,26254,3
1441,29880,4
1442,846,1
1442,2917,2
1442,7202,3
1443,14430,1
1443,26300,2
1443,27861,3
1443,8260,4
1444,4630,1
1444,15513,2
1444,22023,3
1444,10207,4
1444,5143,5
1445,2518,1
1445,14484,2
1445,22327,3
1446,23491,1
1446,5517,2
1446,16764,3
1446,7559,4
1446,8771,5
1447,20800,1
1447,29971,2
1448,2904,1
1448,22105,2
1449,10745,1
1449,17643,2
1449,24574,3
1450,7614,1
1450,6865,2
1450,1443,3
1451,2881,1
1451,7539,2
1452,11295,1
1452,17631,2
1452,28093,3
1452,7191,4
1453,13411,1
1453,16914,2
1453,29092,3
1453,29874,4
1453,29265,5
1454,5595,1
1454,481,2
1454,10085,3
1454,9351,4
1455,8204,1
1455,3243,2
1455,20200,3
1455,18529,4
1456,1388,1
1456,2657,2
1456,18802,3
1456,20352,4
1456,8736,5
1457,2679,1
1457,19062,2
1457,29602,3
1457,9238,4
1458,8420,1
1458,20653,2
1459,2316,1
1459,24630,2
1459,25857,3
1460,27720,1
1460,27878,2
1460,27812,3
1460,10663,4
1460,9138,5
1461,10466,1
1461,19030,2
1461,8937,3
1461,20724,4
1462,2627,1
1462,4483,2
1463,20447,1
1463,3820,2
1464,1197,1
1464,5703,2
1464,1694,3
1464,5211,4
1465,13408,1
1465,9842,2
1466,24584,1
1466,730,2
1467,2853,1
1467,1649,2
1467,16464,3
1467,6614,4
1467,27938,5
1468,23289,1
1468,29842,2
1468,12343,3
1469,7360,1
1469,7043,2
1469,3746,3
1469,23391,4
1469,10486,5
1470,28932,1
1470,19520,2
1470,25142,3
1470,19497,4
1471,6726,1
1471,9375,2
1471,26999,3
1472,15167,1
1472,443,2
1472,7659,3
1472,25276,4
1472,27907,5
1473,11943,1
1473,2864,2
1473,18471,3
1473,2619,4
1474,15856,1
1474,29575,2
1475,21724,1
1475,21957,2
1476,2295,1
1476,2525,2
1476,6097,3
1476,4354,4
1477,993,1
1477,28385,2
1478,14650,1
1478,2681,2
1478,9727,3
1478,20800,4
1478,7835,5
1479,25248,1
1479,11184,2
1479,3154,3
1479,25253,4
1479,6575,5
1480,13500,1
1480,17272,2
1480,22073,3
1480,15293,4
1480,12652,5
1481,27548,1
1481,6528,2
1481,25600,3
1481,415,4
1482,3725,1
1482,3925,2
1482,20800,3
1482,4373,4
1483,19480,1
1483,18101,2
1484,13521,1
1484,22406,2
1484,12546,3
1484,22071,4
1485,4428,1
1485,495,2
1486,28913,1
1486,14932,2
1487,29032,1
1487,4750,2
1487,28884,3
1487,17493,4
1487,18873,5
1488,1996,1
1488,8548,2
1488,9476,3
1488,13303,4
1489,11809,1
1489,28202,2
1489,24571,3
1489,24591,4
1489,11113,5
1490,29033,1
1490,20176,2
1490,21709,3
1490,21616,4
1491,13386,1
1491,16613,2
1491,25331,3
1491,6498,4
1492,26478,1
1492,2583,2
1492,10515,3
1492,24428,4
1492,16925,5
1493,725,1
1493,7630,2
1493,13414,3
1494,600,1
1494,22887,2
1494,8474,3
1494,1540,4
1495,13084,1
1495,610,2
1495,10292,3
1496,6808,1
1496,8831,2
1496,29967,3
1497,3518,1
1497,12324,2
1497,6661,3
1498,4525,1
1498,29406,2
1498,2354,3
1498,9733,4
1498,10002,5
1499,9138,1
1499,20034,2
1499,28446,3
1499,16723,4
1499,12929,5
1500,17581,1
1500,25490,2
1501,8785,1
1501,28709,2
1502,15030,1
1502,29930,2
1502,14930,3
1502,4164,4
1502,22876,5
1503,8537,1
1503,22630,2
1503,1070,3
1504,3312,1
1504,29832,2
1505,10338,1
1505,19885,2
1505,25074,3
1505,28460,4
1505,5580,5
1506,26968,1
1506,16624,2
1507,24970,1
1507,12851,2
1507,344,3
1507,16651,4
1508,7873,1
1508,636,2
1508,2419,3
1508,27540,4
1508,9329,5
1509,10740,1
1509,19630,2
1509,25142,3
1509,27304,4
1510,14817,1
1510,23698,2
1510,9505,3
1511,4197,1
1511,10117,2
1511,12609,3
1512,25843,1
1512,5844,2
1512,13977,3
1512,2595,4
1512,10883,5
1513,5299,1
1513,6718,2
1513,12798,3
1513,24687,4
1513,5426,5
1514,4988,1
1514,1390,2
1515,23652,1
1515,1405,2
1515,1717,3
1516,2434,1
1516,3091,2
1517,23197,1
1517,6677,2
1518,14456,1
1518,9666,2
1518,24066,3
1518,16136,4
1518,22650,5
1519,29004,1
1519,23280,2
1519,25491,3
1520,4059,1
1520,27849,2
1520,25858,3
1520,4321,4
1521,27035,1
1521,25433,2
1521,3581,3
1522,2097,1
1522,6875,2
1522,26347,3
1522,14494,4
1523,8351,1
1523,19012,2
1523,28810,3
1523,9253,4
1524,6411,1
1524,5147,2
1524,24943,3
1525,2724,1
1525,5150,2
1525,3138,3
1525,26506,4
1525,25352,5
1526,25648,1
1526,2681,2
1526,4879,3
1526,5063,4
1527,29462,1
1527,12671,2
1528,16875,1
1528,4869,2
1528,20570,3
1528,27786,4
1529,4967,1
1529,4414,2
1530,23599,1
1530,391,2
1530,27727,3
1530,14964,4
1531,13303,1
1531,8068,2
1531,18520,3
1532,9646,1
1532,2627,2
1532,3213,3
1532,25487,4
1532,27206,5
1533,10632,1
1533,20364,2
1533,3282,3
1534,17613,1
1534,7815,2
1534,7273,3
1534,29761,4
1534,13377,5
1535,9192,1
1535,2828,2
1536,9379,1
1536,23975,2
1537,26206,1
1537,630,2
1537,26205,3
1538,25806,1
1538,25648,2
1538,24088,3
1538,8785,4
1539,2147,1
1539,9936,2
1540,543,1
1540,13950,2
1540,4268,3
1540,26509,4
1540,29552,5
1541,12088,1
1541,4580,2
1541,12543,3
1542,5193,1
1542,19314,2
1542,29651,3
1543,28626,1
1543,4154,2
1543,25940,3
1543,14562,4
1544,25304,1
1544,29538,2
1544,9178,3
1544,25001,4
1544,6746,5
1545,7823,1
1545,21938,2
1545,1250,3
1545,20962,4
1546,28145,1
1546,9715,2
1546,366,3
1547,29071,1
1547,15906,2
1547,7077,3
1547,12591,4
1547,19042,5
1548,23947,1
1548,17872,2
1548,16276,3
1548,9251,4
1548,17503,5
1549,6340,1
1549,19038,2
1550,26950,1
1550,13787,2
1551,29534,1
1551,1856,2
1551,7470,3
1551,9830,4
1552,579,1
1552,71,2
1552,9783,3
1552,10524,4
1553,7265,1
1553,679,2
1553,7489,3
1553,23419,4
1553,4668,5
1554,22988,1
1554,3884,2
1554,6684,3
1555,14964,1
1555,3364,2
1555,1274,3
1555,24039,4
1556,24825,1
1556,439,2
1556,14092,3
1556,15889,4
1557,20276,1
1557,16056,2
1557,23517,3
1557,28152,4
1558,13404,1
1558,843,2
1558,22099,3
1558,23542,4
1559,16668,1
1559,23537,2
1559,26015,3
1559,6820,4
1559,22127,5
1560,19314,1
1560,21816,2
1560,5580,3
1561,2013,1
1561,3301,2
1561,5686,3
1561,26494,4
1562,19638,1
1562,3235,2
1562,10819,3
1563,13695,1
1563,16383,2
1563,16631,3
1564,25647,1
1564,20527,2
1565,22566,1
1565,24703,2
1565,5466,3
1565,7086,4
1565,27935,5
1566,1653,1
1566,20635,2
1566,634,3
1567,6508,1
1567,9981,2
1568,26462,1
1568,26979,2
1569,28148,1
1569,15074,2
1569,700,3
1569,7632,4
1570,4293,1
1570,9868,2
1570,27141,3
1570,722,4
1570,20030,5
1571,20180,1
1571,9889,2
1572,1398,1
1572,6856,2
1573,12,1
1573,2243,2
1573,4483,3
1574,26694,1
1574,1728,2
1574,8803,3
1575,3578,1
1575,11882,2
1575,16183,3
1575,6518,4
1575,21009,5
1576,25834,1
1576,9507,2
1576,22408,3
1576,26765,4
1576,2361,5
1577,3528,1
1577,4905,2
1577,29205,3
1577,28187,4
1577,4899,5
1578,27206,1
1578,9813,2
1579,24714,1
1579,19039,2
1579,4098,3
1579,3905,4
1579,21651,5
1580,24569,1
1580,20349,2
1580,4317,3
1581,21929,1
1581,16178,2
1582,4729,1
1582,22408,2
1583,1375,1
1583,6420,2
1583,6364,3
1583,2179,4
1583,29894,5
1584,13804,1
1584,16618,2
1585,14623,1
1585,23156,2
1585,6716,3
1585,24392,4
1586,2792,1
1586,5135,2
1586,19882,3
1586,4913,4
1586,13157,5
1587,4988,1
1587,2790,2
1587,25934,3
1587,26207,4
1588,12946,1
1588,10373,2
1588,3290,3
1588,18108,4
1588,12033,5
1589,22122,1
1589,2118,2
1589,21970,3
1590,27945,1
1590,3581,2
1590,8850,3
1590,19153,4
1590,5231,5
1591,2700,1
1591,29312,2
1592,14694,1
1592,17433,2
1592,29490,3
1592,3574,4
1593,20060,1
1593,27883,2
1593,25024,3
1593,2617,4
1594,96,1
1594,6256,2
1595,439,1
1595,4874,2
1596,29089,1
1596,27837,2
1596,12319,3
1596,18602,4
1597,1890,1
1597,4920,2
1597,23992,3
1597,4988,4
1598,12794,1
1598,10759,2
1598,25995,3
1598,7335,4
1599,911,1
1599,1603,2
1599,3027,3
1599,3085,4
1600,3979,1
1600,22407,2
1600,1778,3
1601,9049,1
1601,4374,2
1601,4482,3
1601,29874,4
1602,4342,1
1602,22139,2
1602,29464,3
1603,4307,1
1603,3955,2
1603,23823,3
1603,21545,4
1603,2651,5
1604,15724,1
1604,4895,2
1604,28241,3
1604,3920,4
1604,5175,5
1605,24245,1
1605,3215,2
1605,25855,3
1605,4148,4
1605,7491,5
1606,10621,1
1606,25900,2
1606,9972,3
1607,14962,1
1607,7891,2
1607,6070,3
1607,301,4
1608,16637,1
1608,26869,2
1609,1388,1
1609,29071,2
1610,4374,1
1610,14181,2
1610,2560,3
1610,4911,4
1610,11140,5
1611,26276,1
1611,12312,2
1611,4988,3
1611,20035,4
1611,23491,5
1612,10996,1
1612,3785,2
1613,21013,1
1613,14456,2
1613,22,3
1613,16065,4
1614,14683,1
1614,10986,2
1614,3536,3
1614,5189,4
1615,26207,1
1615,17464,2
1615,12129,3
1615,11991,4
1616,28224,1
1616,22078,2
1616,11032,3
1617,2853,1
1617,16835,2
1617,350,3
1617,3530,4
1617,28178,5
1618,18678,1
1618,27501,2
1618,2211,3
1618,23477,4
1618,12850,5
1619,16356,1
1619,5589,2
1620,27177,1
1620,23657,2
1620,9093,3
1621,12711,1
1621,10835,2
1622,25988,1
1622,601,2
1622,1494,3
1623,22075,1
1623,2705,2
1623,24585,3
1624,18755,1
1624,3942,2
1625,13222,1
1625,15167,2
1626,19520,1
1626,3026,2
1626,9434,3
1626,27749,4
1626,1460,5
1627,27937,1
1627,19791,2
1627,28425,3
1627,12178,4
1628,20708,1
1628,20190,2
1628,28822,3
1628,22969,4
1629,29969,1
1629,14161,2
1629,22049,3
1630,5243,1
1630,4929,2
1631,13976,1
1631,14287,2
1632,176,1
1632,4103,2
1633,26505,1
1633,12626,2
1633,12351,3
1633,8189,4
1633,4199,5
1634,15430,1
1634,16570,2
1635,10659,1
1635,10326,2
1635,19678,3
1636,22565,1
1636,21695,2
1636,7776,3
1636,13075,4
1636,5396,5
1637,21320,1
1637,9828,2
1638,4193,1
1638,9814,2
1638,1319,3
1639,25615,1
1639,9039,2
1639,29214,3
1639,3783,4
1640,2506,1
1640,16352,2
1640,3012,3
1641,10976,1
1641,631,2
1641,26574,3
1641,20497,4
1641,24449,5
1642,24288,1
1642,4024,2
1642,3119,3
1643,27795,1
1643,27751,2
1643,5396,3
1644,21742,1
1644,21824,2
1644,9755,3
1645,23085,1
1645,12808,2
1645,21899,3
1646,11334,1
1646,12981,2
1646,2803,3
1646,23374,4
1647,16889,1
1647,4836,2
1648,26016,1
1648,364,2
1648,14987,3
1648,21694,4
1648,28170,5
1649,7099,1
1649,13351,2
1650,6508,1
1650,816,2
1650,24400,3
1651,12545,1
1651,8910,2
1652,4594,1
1652,996,2
1653,14753,1
1653,5664,2
1653,22014,3
1653,17615,4
1654,28990,1
1654,5243,2
1654,25518,3
1654,20769,4
1655,4905,1
1655,8001,2
1655,12687,3
1655,23672,4
1656,3999,1
1656,7317,2
1656,6578,3
1656,203,4
1656,19133,5
1657,675,1
1657,29360,2
1657,26804,3
1658,9435,1
1658,7272,2
1658,20037,3
1658,9700,4
1658,26605,5
1659,21181,1
1659,14896,2
1659,21631,3
1659,7874,4
1660,12899,1
1660,4723,2
1660,29238,3
1660,26383,4
1660,28192,5
1661,24735,1
1661,3124,2
1662,19668,1
1662,29330,2
1663,11413,1
1663,7367,2
1664,4820,1
1664,12537,2
1664,27227,3
1664,6661,4
1665,19950,1
1665,18574,2
1665,20822,3
1665,28621,4
1666,3183,1
1666,1933,2
1666,8059,3
1666,9300,4
1667,25048,1
1667,27242,2
1668,4868,1
1668,28508,2
1668,663,3
1668,6308,4
1668,7593,5
1669,1258,1
1669,10860,2
1670,29530,1
1670,9076,2
1670,8210,3
1671,6694,1
1671,18132,2
1671,18406,3
1671,8432,4
1672,27019,1
1672,2083,2
1672,24603,3
1672,25724,4
1673,4929,1
1673,4379,2
1673,12795,3
1673,21500,4
1674,10907,1
1674,19258,2
1675,10053,1
1675,16651,2
1675,12981,3
1675,24395,4
1676,9869,1
1676,21923,2
1676,400,3
1676,13414,4
1677,7868,1
1677,23647,2
1677,24449,3
1677,7025,4
1677,9889,5
1678,7360,1
1678,27912,2
1678,512,3
1678,7370,4
1678,25495,5
1679,5142,1
1679,7635,2
1679,14658,3
1679,28837,4
1679,23280,5
1680,5327,1
1680,24693,2
1681,10874,1
1681,23597,2
1681,3975,3
1681,6097,4
1682,19947,1
1682,12554,2
1682,7069,3
1682,12955,4
1683,7081,1
1683,14034,2
1683,4131,3
1683,9222,4
1683,9996,5
1684,24066,1
1684,13278,2
1684,20034,3
1684,12,4
1685,27785,1
1685,21709,2
1685,16617,3
1685,26320,4
1685,29378,5
1686,13539,1
1686,345,2
1687,7682,1
1687,6734,2
1687,1040,3
1688,15396,1
1688,17631,2
1688,29112,3
1688,10186,4
1689,12611,1
1689,5473,2
1689,13403,3
1690,14208,1
1690,5239,2
1690,6242,3
1690,3828,4
1691,18636,1
1691,5175,2
1691,26165,3
1691,22055,4
1691,8622,5
1692,963,1
1692,26119,2
1692,21263,3
1692,13403,4
1693,7493,1
1693,9136,2
1693,6309,3
1693,18054,4
1693,9764,5
1694,29286,1
1694,3571,2
1694,25899,3
1695,26614,1
1695,29914,2
1695,25493,3
1695,22564,4
1696,19254,1
1696,29444,2
1696,28353,3
1696,14430,4
1696,357,5
1697,28319,1
1697,14750,2
1697,10559,3
1697,3108,4
1697,8142,5
1698,6671,1
1698,4836,2
1698,917,3
1698,6051,4
1699,24070,1
1699,4731,2
1700,27035,1
1700,25266,2
1700,2736,3
1700,23491,4
1702,8553,1
1702,25321,2
1702,10393,3
1702,20141,4
1702,12760,5
1703,10083,1
1703,9135,2
1704,21742,1
1704,7030,2
1704,9623,3
1705,15447,1
1705,28861,2
1705,3895,3
1706,19028,1
1706,15780,2
1706,22650,3
1707,4720,1
1707,4630,2
1707,14202,3
1707,5650,4
1708,10199,1
1708,13407,2
1708,8646,3
1708,26046,4
1709,9526,1
1709,9559,2
1709,9109,3
1710,631,1
1710,5477,2
1711,10562,1
1711,14526,2
1711,24775,3
1711,3683,4
1711,25833,5
1712,20594,1
1712,6476,2
1712,27528,3
1712,28958,4
1712,25659,5
1713,29264,1
1713,5404,2
1714,24733,1
1714,9055,2
1714,22098,3
1715,11678,1
1715,17510,2
1715,21929,3
1715,14987,4
1715,10013,5
1716,18168,1
1716,16958,2
1716,3335,3
1716,10450,4
1717,1229,1
1717,29034,2
1717,25136,3
1717,7002,4
1717,28884,5
1718,4041,1
1718,26441,2
1718,25704,3
1719,1253,1
1719,15424,2
1719,1058,3
1720,20769,1
1720,3870,2
1720,5066,3
1721,26388,1
1721,24501,2
1721,6525,3
1721,10513,4
1721,2737,5
1722,7485,1
1722,11383,2
1722,25508,3
1722,22064,4
1723,27677,1
1723,19432,2
1723,25479,3
1723,4709,4
1724,5199,1
1724,27994,2
1724,20041,3
1724,3977,4
1725,24996,1
1725,25142,2
1725,23335,3
1725,25860,4
1725,9470,5
1726,29767,1
1726,1347,2
1726,1167,3
1727,22831,1
1727,17779,2
1727,17463,3
1728,12609,1
1728,1882,2
1728,5638,3
1728,25396,4
1729,28123,1
1729,19748,2
1729,26950,3
1730,1940,1
1730,13349,2
1730,14559,3
1730,14090,4
1730,21353,5
1731,3044,1
1731,29339,2
1731,27602,3
1732,29530,1
1732,25038,2
1732,17190,3
1732,29093,4
1732,29911,5
1733,17291,1
1733,17473,2
1733,28008,3
1733,8560,4
1734,27972,1
1734,11620,2
1734,5916,3
1735,8169,1
1735,27663,2
1736,4507,1
1736,13138,2
1736,9040,3
1736,17040,4
1736,20199,5
1737,29614,1
1737,13733,2
1737,12935,3
1738,6467,1
1738,26118,2
1739,7893,1
1739,29610,2
1739,21651,3
1740,5118,1
1740,27935,2
1740,27874,3
1740,29540,4
1741,25850,1
1741,27608,2
1741,9467,3
1741,5895,4
1742,16042,1
1742,29205,2
1742,28372,3
1743,2147,1
1743,10452,2
1743,6617,3
1744,29728,1
1744,25351,2
1744,25196,3
1744,10002,4
1745,24855,1
1745,21697,2
1745,20309,3
1745,6765,4
1746,2920,1
1746,10224,2
1746,2361,3
1746,28649,4
1746,19949,5
1747,29670,1
1747,24112,2
1747,8883,3
1747,19945,4
1748,5047,1
1748,29136,2
1748,10710,3
1749,16167,1
1749,9268,2
1749,10549,3
1749,18054,4
1750,29423,1
1750,1212,2
1750,7458,3
1750,7487,4
1751,28950,1
1751,22369,2
1751,8975,3
1751,3264,4
1751,17130,5
1752,4679,1
1752,6318,2
1752,11092,3
1752,23763,4
1752,5168,5
1753,3290,1
1753,5253,2
1753,426,3
1753,12920,4
1754,2441,1
1754,18471,2
1755,7492,1
1755,9814,2
1755,9930,3
1756,19712,1
1756,7469,2
1756,29838,3
1757,18855,1
1757,5384,2
1758,29774,1
1758,23013,2
1758,2904,3
1758,9600,4
1758,4719,5
1759,1126,1
1759,12167,2
1759,2241,3
1759,3459,4
1759,25039,5
1760,495,1
1760,4428,2
1761,9131,1
1761,25935,2
1761,25493,3
1762,30,1
1762,19961,2
1762,23993,3
1762,19705,4
1762,10562,5
1763,29614,1
1763,1489,2
1764,8934,1
1764,28955,2
1764,26956,3
1764,28428,4
1764,22877,5
1765,12387,1
1765,630,2
1765,3201,3
1765,9970,4
1765,8731,5
1766,6089,1
1766,15678,2
1766,3034,3
1766,12971,4
1767,26829,1
1767,3276,2
1768,21903,1
1768,26320,2
1768,5441,3
1768,1558,4
1769,19006,1
1769,12555,2
1769,2422,3
1769,12540,4
1769,2224,5
1770,7469,1
1770,18885,2
1770,14256,3
1770,28188,4
1771,16382,1
1771,29068,2
1771,21545,3
1771,6339,4
1772,3418,1
1772,27842,2
1773,25424,1
1773,3709,2
1773,3954,3
1774,2017,1
1774,15424,2
1774,2556,3
1775,9579,1
1775,25852,2
1775,3215,3
1776,25142,1
1776,10848,2
1776,25999,3
1776,25746,4
1776,29187,5
1777,7,1
1777,3044,2
1777,5320,3
1777,18380,4
1778,495,1
1778,4428,2
1779,5265,1
1779,18260,2
1779,27418,3
1780,16304,1
1780,26979,2
1780,5085,3
1780,26179,4
1781,24582,1
1781,3402,2
1781,1301,3
1782,6480,1
1782,4196,2
1783,23804,1
1783,26115,2
1783,7802,3
1784,4155,1
1785,8741,1
1785,3028,2
1785,22534,3
1785,17278,4
1786,25144,1
1786,29315,2
1786,23579,3
1786,26765,4
1786,10542,5
1787,12167,1
1787,4897,2
1787,2887,3
1787,5155,4
1788,2793,1
1788,17696,2
1788,24527,3
1788,3659,4
1789,25203,1
1789,10946,2
1790,19033,1
1790,2569,2
1790,10807,3
1790,16428,4
1791,617,1
1791,22582,2
1792,8310,1
1792,9358,2
1792,5868,3
1792,3417,4
1793,10745,1
1793,29907,2
1793,9039,3
1793,15698,4
1794,26787,1
1794,7730,2
1794,19030,3
1794,27898,4
1795,24098,1
1795,26704,2
1795,6597,3
1795,19365,4
1795,20314,5
1796,18952,1
1796,29767,2
1796,4588,3
1796,1407,4
1797,6896,1
1797,907,2
1798,26586,1
1798,22875,2
1798,19584,3
1798,1812,4
1798,10498,5
1799,25892,1
1799,25022,2
1799,28900,3
1799,117,4
1799,16683,5
1800,4139,1
1800,862,2
1800,8739,3
1800,10559,4
1800,29035,5
1801,7808,1
1801,7633,2
1801,22979,3
1802,28374,1
1802,12412,2
1803,27287,1
1803,10561,2
1804,28386,1
1804,20105,2
1804,29936,3
1805,6902,1
1805,15673,2
1805,4823,3
1806,1253,1
1806,26388,2
1807,17921,1
1807,29971,2
1807,9226,3
1808,1316,1
1808,19046,2
1808,11631,3
1809,7635,1
1809,28065,2
1809,843,3
1809,3837,4
1809,16091,5
1810,26582,1
1810,21949,2
1810,28253,3
1810,4578,4
1811,16584,1
1811,9666,2
1811,9681,3
1812,26705,1
1812,5263,2
1813,3369,1
1813,3920,2
1813,20034,3
1813,26509,4
1814,26876,1
1814,10957,2
1814,3026,3
1814,51,4
1815,21930,1
1815,4996,2
1815,5372,3
1815,21602,4
1816,6041,1
1816,26405,2
1817,26386,1
1817,29820,2
1817,1082,3
1817,19073,4
1817,4957,5
1818,4909,1
1818,10516,2
1818,22061,3
1818,18000,4
1818,9526,5
1819,1302,1
1819,4442,2
1819,6125,3
1819,9168,4
1820,18986,1
1820,4510,2
1820,1925,3
1820,23657,4
1821,20935,1
1821,12798,2
1822,4874,1
1822,27986,2
1822,2816,3
1822,2420,4
1823,5521,1
1823,29238,2
1823,9876,3
1823,6606,4
1823,8548,5
1824,17464,1
1824,28624,2
1824,9121,3
1824,22095,4
1825,9666,1
1825,27985,2
1825,4890,3
1825,23975,4
1825,10824,5
1826,21981,1
1826,8260,2
1826,10023,3
1826,22290,4
1826,10875,5
1827,27608,1
1827,9551,2
1827,24003,3
1828,2885,1
1828,9924,2
1828,14987,3
1829,13312,1
1829,5146,2
1829,24011,3
1830,19080,1
1830,14512,2
1830,26509,3
1830,16874,4
1831,27370,1
1831,26664,2
1832,3568,1
1832,10399,2
1833,7129,1
1833,11762,2
1834,29581,1
1834,4502,2
1834,27682,3
1834,17485,4
1835,15447,1
1835,22065,2
1835,26387,3
1835,6339,4
1835,23012,5
1836,27656,1
1836,23860,2
1836,2890,3
1836,964,4
1837,13500,1
1837,11936,2
1837,23685,3
1837,4832,4
1838,4923,1
1838,4910,2
1838,24535,3
1838,10002,4
1838,7278,5
1839,9552,1
1839,3147,2
1840,19043,1
1840,26494,2
1841,7807,1
1841,4142,2
1841,9648,3
1842,29465,1
1842,2519,2
1842,27999,3
1842,6247,4
1843,4873,1
1843,28667,2
1843,2615,3
1843,25004,4
1844,9015,1
1844,18835,2
1844,5664,3
1844,8568,4
1845,4155,1
1846,25497,1
1846,22063,2
1847,23674,1
1847,10676,2
1847,12621,3
1848,2270,1
1848,17138,2
1848,16167,3
1849,23958,1
1849,7169,2
1849,29613,3
1849,24624,4
1850,4039,1
1850,4017,2
1851,5085,1
1851,19314,2
1851,16627,3
1851,2746,4
1852,27009,1
1852,6609,2
1852,29842,3
1853,4428,1
1853,4155,2
1854,14582,1
1854,8142,2
1855,19706,1
1855,4097,2
1855,4154,3
1855,23064,4
1856,4428,1
1856,10662,2
1856,16651,3
1856,6856,4
1856,18647,5
1857,16261,1
1857,4309,2
1857,25624,3
1858,5466,1
1858,8542,2
1858,27708,3
1859,28808,1
1859,3905,2
1859,24064,3
1860,25428,1
1860,10831,2
1860,2940,3
1860,5579,4
1860,24299,5
1861,5800,1
1861,24466,2
1861,24417,3
1861,2887,4
1862,16617,1
1862,11184,2
1862,14907,3
1862,10649,4
1863,18254,1
1863,8773,2
1863,25276,3
1863,10085,4
1864,364,1
1864,15893,2
1864,18750,3
1864,26950,4
1865,18420,1
1865,28102,2
1865,28685,3
1865,8383,4
1866,10781,1
1866,12691,2
1866,17819,3
1867,9560,1
1867,10447,2
1867,4358,3
1867,989,4
1867,4744,5
1868,22644,1
1868,9552,2
1869,6962,1
1869,25202,2
1870,16642,1
1870,25942,2
1871,13025,1
1871,1567,2
1871,722,3
1871,19761,4
1871,10576,5
1872,28,1
1872,19418,2
1872,28155,3
1873,12088,1
1873,6393,2
1873,25330,3
1873,20220,4
1873,25595,5
1874,2747,1
1874,18366,2
1874,10206,3
1875,26511,1
1875,23182,2
1875,29608,3
1875,412,4
1876,3950,1
1876,19043,2
1876,19513,3
1877,16641,1
1877,5299,2
1878,4155,1
1879,17266,1
1879,3201,2
1880,27600,1
1880,17015,2
1880,2553,3
1881,12266,1
1881,4330,2
1881,1311,3
1881,21807,4
1881,2810,5
1882,3138,1
1882,6340,2
1883,21869,1
1883,3432,2
1883,14806,3
1883,28336,4
1884,14395,1
1884,28873,2
1884,29135,3
1884,20830,4
1884,28226,5
1885,23478,1
1885,11304,2
1885,26494,3
1885,26277,4
1886,2221,1
1886,17496,2
1886,25490,3
1887,12555,1
1887,11522,2
1887,29645,3
1887,27355,4
1887,13372,5
1888,152,1
1888,25645,2
1888,28880,3
1888,29759,4
1889,9620,1
1889,9833,2
1889,3091,3
1890,14140,1
1890,22639,2
1891,9858,1
1891,14948,2
1891,29871,3
1891,5261,4
1892,12958,1
1892,18750,2
1893,29878,1
1893,13399,2
1893,7614,3
1893,25571,4
1894,8116,1
1894,10891,2
1895,9415,1
1895,24349,2
1896,10460,1
1896,7463,2
1896,23958,3
1896,20668,4
1896,13053,5
1897,3066,1
1897,26839,2
1897,25640,3
1898,8895,1
1898,4865,2
1898,23648,3
1898,12626,4
1898,15545,5
1899,21260,1
1899,7353,2
1899,1815,3
1899,8302,4
1900,9234,1
1900,25183,2
1900,4155,3
1900,10937,4
1900,11304,5
1901,17290,1
1901,7594,2
1901,4482,3
1901,3706,4
1901,5881,5
1902,19966,1
1902,22121,2
1902,2996,3
1902,22058,4
1902,948,5
1903,23064,1
1903,10768,2
1903,16056,3
1903,12504,4
1904,3837,1
1904,8771,2
1904,3488,3
1904,20996,4
1904,2903,5
1905,27986,1
1905,10068,2
1905,3826,3
1906,6123,1
1906,28635,2
1906,1744,3
1907,19356,1
1907,963,2
1907,13977,3
1907,634,4
1907,22898,5
1908,21968,1
1908,1553,2
1909,4662,1
1909,25454,2
1909,11334,3
1910,26266,1
1910,129,2
1911,16615,1
1911,26644,2
1911,9727,3
1912,495,1
1912,4155,2
1913,10966,1
1913,13108,2
1913,10445,3
1913,21069,4
1914,18420,1
1914,2295,2
1914,23463,3
1915,28918,1
1915,9833,2
1916,13410,1
1916,16926,2
1916,25857,3
1916,27768,4
1916,10599,5
1917,4814,1
1917,25266,2
1917,6901,3
1917,26510,4
1918,25062,1
1918,7953,2
1918,13287,3
1918,9763,4
1918,5560,5
1919,18302,1
1919,17549,2
1919,391,3
1920,888,1
1920,10633,2
1920,7025,3
1920,11517,4
1921,2953,1
1921,714,2
1921,6384,3
1921,24231,4
1921,3551,5
1922,10718,1
1922,4630,2
1922,19098,3
1923,15750,1
1923,8366,2
1923,6378,3
1924,11065,1
1924,12551,2
1924,28723,3
1925,10722,1
1925,3474,2
1925,904,3
1925,27111,4
1926,27638,1
1926,25524,2
1927,11882,1
1927,19688,2
1927,18520,3
1927,18021,4
1928,10937,1
1928,25638,2
1929,12398,1
1929,26187,2
1930,28531,1
1930,25900,2
1931,24807,1
1931,29801,2
1931,7264,3
1932,4890,1
1932,29946,2
1932,13386,3
1932,20137,4
1933,495,1
1933,15876,2
1933,26645,3
1933,4922,4
1933,4428,5
1934,28824,1
1934,25496,2
1934,29877,3
1934,26382,4
1934,3518,5
1935,1532,1
1935,10468,2
1935,22206,3
1935,24783,4
1935,21948,5
1936,23256,1
1936,16635,2
1937,24866,1
1937,19422,2
1938,2964,1
1938,29608,2
1938,1407,3
1938,10200,4
1938,16382,5
1939,29030,1
1939,9994,2
1939,18369,3
1940,17167,1
1940,25927,2
1941,9846,1
1941,4890,2
1941,10820,3
1941,24629,4
1941,10163,5
1942,3293,1
1942,8736,2
1942,8986,3
1942,28445,4
1943,9836,1
1943,4709,2
1944,23685,1
1944,28322,2
1944,5120,3
1945,14564,1
1945,26163,2
1945,2354,3
1946,4193,1
1946,2146,2
1946,14599,3
1946,3994,4
1947,3969,1
1947,22054,2
1947,7873,3
1947,133,4
1948,19208,1
1948,13100,2
1948,10160,3
1948,30,4
1949,2943,1
1949,9705,2
1949,6489,3
1949,8771,4
1949,12459,5
1950,706,1
1950,2132,2
1950,740,3
1951,5158,1
1951,16167,2
1951,8207,3
1951,3282,4
1951,26478,5
1952,9055,1
1952,3777,2
1952,2218,3
1952,12945,4
1952,3565,5
1953,19641,1
1953,7945,2
1954,18554,1
1954,26970,2
1954,13752,3
1955,11884,1
1955,7078,2
1955,25815,3
1955,15968,4
1956,20394,1
1956,4211,2
1956,22578,3
1956,29363,4
1956,1328,5
1957,22327,1
1957,3777,2
1957,10677,3
1957,21622,4
1957,1622,5
1958,11297,1
1958,29278,2
1958,25375,3
1958,10695,4
1959,27883,1
1959,16657,2
1960,8351,1
1960,10488,2
1960,10293,3
1961,16723,1
1961,7460,2
1961,24695,3
1962,2854,1
1962,27638,2
1962,17644,3
1962,26156,4
1962,1584,5
1963,26962,1
1963,14242,2
1964,1883,1
1964,7932,2
1964,1198,3
1964,19122,4
1964,17932,5
1965,3958,1
1965,29549,2
1966,18972,1
1966,21937,2
1966,24400,3
1966,29032,4
1967,21040,1
1967,21825,2
1967,2705,3
1967,20855,4
1967,29315,5
1968,1980,1
1968,3198,2
1969,495,1
1969,4428,2
1970,22979,1
1970,27348,2
1970,8627,3
1970,22829,4
1970,29918,5
1971,28448,1
1971,17167,2
1971,4074,3
1971,16126,4
1971,28964,5
1972,16672,1
1972,19124,2
1972,373,3
1972,28889,4
1973,10546,1
1973,18332,2
1974,15892,1
1974,16384,2
1974,206,3
1974,28157,4
1975,9364,1
1975,3544,2
1975,10577,3
1975,3608,4
1976,28345,1
1976,26308,2
1977,822,1
1977,4021,2
1977,29930,3
1977,3662,4
1977,1023,5
1978,5806,1
1978,1198,2
1979,4428,1
1979,495,2
1979,4155,3
1980,16675,1
1980,29312,2
1980,3335,3
1981,7397,1
1981,6959,2
1981,1946,3
1981,27111,4
1981,6580,5
1982,3576,1
1982,24855,2
1982,29132,3
1982,16659,4
1982,16645,5
1983,4817,1
1983,29254,2
1984,2558,1
1984,8837,2
1985,10651,1
1985,4989,2
1986,5917,1
1986,6012,2
1986,18972,3
1986,14844,4
1986,862,5
1987,26180,1
1987,11644,2
1988,22781,1
1988,2461,2
1988,29827,3
1988,27834,4
1988,16597,5
1989,5664,1
1989,5156,2
1990,26364,1
1990,3044,2
1991,18885,1
1991,17549,2
1991,4926,3
1992,21815,1
1992,1770,2
1992,1882,3
1993,22122,1
1993,28158,2
1993,20220,3
1993,28900,4
1994,10860,1
1994,4926,2
1995,5546,1
1995,19257,2
1995,6985,3
1995,26177,4
1996,12764,1
1996,7998,2
1996,21816,3
1996,27665,4
1997,8230,1
1997,18924,2
1998,8934,1
1998,25948,2
1998,2003,3
1998,15378,4
1999,4571,1
1999,16624,2
1999,26231,3
2000,10448,1
2000,8154,2
2000,2475,3
2000,5400,4
2000,28216,5
